idna_subject,checker_type,destination,source,tested_at,session_id
108.168.231.179,AVAILABILITY,origin.list,origin.list,2022-04-13 05:21:10.821097,b0beae7be6bf0f7aa3a532b7
188affiliates.com,AVAILABILITY,origin.list,origin.list,2022-04-13 05:21:16.464857,b0beae7be6bf0f7aa3a532b7
05ee3a24ed11df058c8.com,AVAILABILITY,origin.list,origin.list,2022-04-13 05:21:17.143710,b0beae7be6bf0f7aa3a532b7
34667c8ece5.com,AVAILABILITY,origin.list,origin.list,2022-04-13 05:21:18.580192,b0beae7be6bf0f7aa3a532b7
2go7v1nes8.com,AVAILABILITY,origin.list,origin.list,2022-04-13 05:21:19.377944,b0beae7be6bf0f7aa3a532b7
64p3am9x95ct.com,AVAILABILITY,origin.list,origin.list,2022-04-13 05:21:20.492782,b0beae7be6bf0f7aa3a532b7
964aa09226.866e69bc8e.com,AVAILABILITY,origin.list,origin.list,2022-04-13 05:21:24.042294,b0beae7be6bf0f7aa3a532b7
9eb10b7a3d04a.com,AVAILABILITY,origin.list,origin.list,2022-04-13 05:21:25.529204,b0beae7be6bf0f7aa3a532b7
a.brand.ad,AVAILABILITY,origin.list,origin.list,2022-04-13 05:21:26.800303,b0beae7be6bf0f7aa3a532b7
98e22a373e.com,AVAILABILITY,origin.list,origin.list,2022-04-13 05:21:27.426657,b0beae7be6bf0f7aa3a532b7
abrts.pro,AVAILABILITY,origin.list,origin.list,2022-04-13 05:21:30.037200,b0beae7be6bf0f7aa3a532b7
a63t9o1azf.com,AVAILABILITY,origin.list,origin.list,2022-04-13 05:21:30.899411,b0beae7be6bf0f7aa3a532b7
aa9271e4a2.4d4ac172b7.com,AVAILABILITY,origin.list,origin.list,2022-04-13 05:21:31.982771,b0beae7be6bf0f7aa3a532b7
a937a51544.85e954452d.com,AVAILABILITY,origin.list,origin.list,2022-04-13 05:21:33.798205,b0beae7be6bf0f7aa3a532b7
ad-loupe.com,AVAILABILITY,origin.list,origin.list,2022-04-13 05:21:35.142600,b0beae7be6bf0f7aa3a532b7
accesstrade.co.id,AVAILABILITY,origin.list,origin.list,2022-04-13 05:21:36.705978,b0beae7be6bf0f7aa3a532b7
adbsys.icu,AVAILABILITY,origin.list,origin.list,2022-04-13 05:21:40.319355,b0beae7be6bf0f7aa3a532b7
addesigner.com,AVAILABILITY,origin.list,origin.list,2022-04-13 05:21:41.121916,b0beae7be6bf0f7aa3a532b7
admarketplace.net,AVAILABILITY,origin.list,origin.list,2022-04-13 05:21:43.879560,b0beae7be6bf0f7aa3a532b7
admp.io,AVAILABILITY,origin.list,origin.list,2022-04-13 05:21:43.888773,b0beae7be6bf0f7aa3a532b7
adflazz.com,AVAILABILITY,origin.list,origin.list,2022-04-13 05:21:46.010065,b0beae7be6bf0f7aa3a532b7
adpop-1.com,AVAILABILITY,origin.list,origin.list,2022-04-13 05:21:52.190964,b0beae7be6bf0f7aa3a532b7
adpstatic.com,AVAILABILITY,origin.list,origin.list,2022-04-13 05:21:54.957768,b0beae7be6bf0f7aa3a532b7
adnety.com,AVAILABILITY,origin.list,origin.list,2022-04-13 05:21:55.128887,b0beae7be6bf0f7aa3a532b7
adplus.co.id,AVAILABILITY,origin.list,origin.list,2022-04-13 05:21:56.837176,b0beae7be6bf0f7aa3a532b7
ads-link.net,AVAILABILITY,origin.list,origin.list,2022-04-13 05:22:02.894883,b0beae7be6bf0f7aa3a532b7
adreviewcamp.com,AVAILABILITY,origin.list,origin.list,2022-04-13 05:22:03.237861,b0beae7be6bf0f7aa3a532b7
adreach.co,AVAILABILITY,origin.list,origin.list,2022-04-13 05:22:06.127841,b0beae7be6bf0f7aa3a532b7
adscpm.site,AVAILABILITY,origin.list,origin.list,2022-04-13 05:22:10.194607,b0beae7be6bf0f7aa3a532b7
adsbingo.com,AVAILABILITY,origin.list,origin.list,2022-04-13 05:22:14.744356,b0beae7be6bf0f7aa3a532b7
ads.indosatooredoo.com,AVAILABILITY,origin.list,origin.list,2022-04-13 05:22:14.841913,b0beae7be6bf0f7aa3a532b7
adshost.site,AVAILABILITY,origin.list,origin.list,2022-04-13 05:22:14.915021,b0beae7be6bf0f7aa3a532b7
ads.telkomsel.com,AVAILABILITY,origin.list,origin.list,2022-04-13 05:22:16.654701,b0beae7be6bf0f7aa3a532b7
adsimg.kompas.com,AVAILABILITY,origin.list,origin.list,2022-04-13 05:22:18.461508,b0beae7be6bf0f7aa3a532b7
adslop.com,AVAILABILITY,origin.list,origin.list,2022-04-13 05:22:20.082541,b0beae7be6bf0f7aa3a532b7
adtimeselaras.com,AVAILABILITY,origin.list,origin.list,2022-04-13 05:22:24.130907,b0beae7be6bf0f7aa3a532b7
advertica-cdn2.com,AVAILABILITY,origin.list,origin.list,2022-04-13 05:22:27.678706,b0beae7be6bf0f7aa3a532b7
adskom.com,AVAILABILITY,origin.list,origin.list,2022-04-13 05:22:30.056738,b0beae7be6bf0f7aa3a532b7
agletmagilp.com,AVAILABILITY,origin.list,origin.list,2022-04-13 05:22:30.271517,b0beae7be6bf0f7aa3a532b7
ahcnxuepput.com,AVAILABILITY,origin.list,origin.list,2022-04-13 05:22:32.522700,b0beae7be6bf0f7aa3a532b7
aj1052.online,AVAILABILITY,origin.list,origin.list,2022-04-13 05:22:36.130506,b0beae7be6bf0f7aa3a532b7
afbcashidr.com,AVAILABILITY,origin.list,origin.list,2022-04-13 05:22:36.960631,b0beae7be6bf0f7aa3a532b7
anekaiklan.com,AVAILABILITY,origin.list,origin.list,2022-04-13 05:22:39.298288,b0beae7be6bf0f7aa3a532b7
ampclicks.com,AVAILABILITY,origin.list,origin.list,2022-04-13 05:22:39.576515,b0beae7be6bf0f7aa3a532b7
alertpay.com,AVAILABILITY,origin.list,origin.list,2022-04-13 05:22:41.220811,b0beae7be6bf0f7aa3a532b7
auredzeon.com,AVAILABILITY,origin.list,origin.list,2022-04-13 05:22:45.363095,b0beae7be6bf0f7aa3a532b7
axzsd.pro,AVAILABILITY,origin.list,origin.list,2022-04-13 05:22:45.628897,b0beae7be6bf0f7aa3a532b7
aopxnvrugx.com,AVAILABILITY,origin.list,origin.list,2022-04-13 05:22:46.680873,b0beae7be6bf0f7aa3a532b7
azxsd.pro,AVAILABILITY,origin.list,origin.list,2022-04-13 05:22:47.657074,b0beae7be6bf0f7aa3a532b7
b9645fef65.com,AVAILABILITY,origin.list,origin.list,2022-04-13 05:22:49.138641,b0beae7be6bf0f7aa3a532b7
baliadv.com,AVAILABILITY,origin.list,origin.list,2022-04-13 05:22:54.571926,b0beae7be6bf0f7aa3a532b7
bellaads.com,AVAILABILITY,origin.list,origin.list,2022-04-13 05:22:55.576654,b0beae7be6bf0f7aa3a532b7
bastingestival.com,AVAILABILITY,origin.list,origin.list,2022-04-13 05:22:58.565788,b0beae7be6bf0f7aa3a532b7
bourranuncurbs.com,AVAILABILITY,origin.list,origin.list,2022-04-13 05:22:58.958973,b0beae7be6bf0f7aa3a532b7
bubblekraken.com,AVAILABILITY,origin.list,origin.list,2022-04-13 05:23:02.916788,b0beae7be6bf0f7aa3a532b7
cfs.u-ad.info,AVAILABILITY,origin.list,origin.list,2022-04-13 05:23:06.498820,b0beae7be6bf0f7aa3a532b7
cjsab.com,AVAILABILITY,origin.list,origin.list,2022-04-13 05:23:06.770803,b0beae7be6bf0f7aa3a532b7
click.eclk.club,AVAILABILITY,origin.list,origin.list,2022-04-13 05:23:11.803302,b0beae7be6bf0f7aa3a532b7
clickmedia.co.id,AVAILABILITY,origin.list,origin.list,2022-04-13 05:23:12.751223,b0beae7be6bf0f7aa3a532b7
clicks.pipaffiliates.com,AVAILABILITY,origin.list,origin.list,2022-04-13 05:23:14.988377,b0beae7be6bf0f7aa3a532b7
chidsimp.com,AVAILABILITY,origin.list,origin.list,2022-04-13 05:23:17.642870,b0beae7be6bf0f7aa3a532b7
craydark.pw,AVAILABILITY,origin.list,origin.list,2022-04-13 05:23:22.169114,b0beae7be6bf0f7aa3a532b7
compulsivehemisphere.com,AVAILABILITY,origin.list,origin.list,2022-04-13 05:23:22.496617,b0beae7be6bf0f7aa3a532b7
cymaisefacsim.com,AVAILABILITY,origin.list,origin.list,2022-04-13 05:23:22.727358,b0beae7be6bf0f7aa3a532b7
d0p21g2fep.com,AVAILABILITY,origin.list,origin.list,2022-04-13 05:23:28.708809,b0beae7be6bf0f7aa3a532b7
d72gb9oukw3j.com,AVAILABILITY,origin.list,origin.list,2022-04-13 05:23:31.420641,b0beae7be6bf0f7aa3a532b7
d824d7f5cbcb0e00.com,AVAILABILITY,origin.list,origin.list,2022-04-13 05:23:32.883842,b0beae7be6bf0f7aa3a532b7
d95d1c685a.6c142df43a.com,AVAILABILITY,origin.list,origin.list,2022-04-13 05:23:33.885426,b0beae7be6bf0f7aa3a532b7
d01.notifa.info,AVAILABILITY,origin.list,origin.list,2022-04-13 05:23:34.150052,b0beae7be6bf0f7aa3a532b7
dearerfonder.info,AVAILABILITY,origin.list,origin.list,2022-04-13 05:23:43.152061,b0beae7be6bf0f7aa3a532b7
dafa.io,AVAILABILITY,origin.list,origin.list,2022-04-13 05:23:44.121132,b0beae7be6bf0f7aa3a532b7
daero.pw,AVAILABILITY,origin.list,origin.list,2022-04-13 05:23:45.381599,b0beae7be6bf0f7aa3a532b7
daredstrapelinor.com,AVAILABILITY,origin.list,origin.list,2022-04-13 05:23:46.743360,b0beae7be6bf0f7aa3a532b7
dairouzy.net,AVAILABILITY,origin.list,origin.list,2022-04-13 05:23:50.297625,b0beae7be6bf0f7aa3a532b7
digiads.co.id,AVAILABILITY,origin.list,origin.list,2022-04-13 05:23:56.967007,b0beae7be6bf0f7aa3a532b7
doathair.com,AVAILABILITY,origin.list,origin.list,2022-04-13 05:23:59.114021,b0beae7be6bf0f7aa3a532b7
domnovrek.com,AVAILABILITY,origin.list,origin.list,2022-04-13 05:23:59.818072,b0beae7be6bf0f7aa3a532b7
e7393e33565ce805.com,AVAILABILITY,origin.list,origin.list,2022-04-13 05:23:59.868512,b0beae7be6bf0f7aa3a532b7
earn-bitcoins.net,AVAILABILITY,origin.list,origin.list,2022-04-13 05:24:06.428338,b0beae7be6bf0f7aa3a532b7
eclkmpsa.com,AVAILABILITY,origin.list,origin.list,2022-04-13 05:24:08.630102,b0beae7be6bf0f7aa3a532b7
edomz.com,AVAILABILITY,origin.list,origin.list,2022-04-13 05:24:11.010063,b0beae7be6bf0f7aa3a532b7
epfcfhtjxqd.com,AVAILABILITY,origin.list,origin.list,2022-04-13 05:24:11.425292,b0beae7be6bf0f7aa3a532b7
etoads.net,AVAILABILITY,origin.list,origin.list,2022-04-13 05:24:15.008762,b0beae7be6bf0f7aa3a532b7
finkyepbows.com,AVAILABILITY,origin.list,origin.list,2022-04-13 05:24:17.266205,b0beae7be6bf0f7aa3a532b7
flexterkita.com,AVAILABILITY,origin.list,origin.list,2022-04-13 05:24:21.242412,b0beae7be6bf0f7aa3a532b7
fkglkpkgkduh.top,AVAILABILITY,origin.list,origin.list,2022-04-13 05:24:22.257660,b0beae7be6bf0f7aa3a532b7
floridcoxae.com,AVAILABILITY,origin.list,origin.list,2022-04-13 05:24:22.588490,b0beae7be6bf0f7aa3a532b7
fnkyyrgraizy.com,AVAILABILITY,origin.list,origin.list,2022-04-13 05:24:27.509546,b0beae7be6bf0f7aa3a532b7
furocmay.com,AVAILABILITY,origin.list,origin.list,2022-04-13 05:24:31.172472,b0beae7be6bf0f7aa3a532b7
frpiksdeygy.com,AVAILABILITY,origin.list,origin.list,2022-04-13 05:24:33.706073,b0beae7be6bf0f7aa3a532b7
fryruejoust.cam,AVAILABILITY,origin.list,origin.list,2022-04-13 05:24:35.082522,b0beae7be6bf0f7aa3a532b7
flurrylimmu.com,AVAILABILITY,origin.list,origin.list,2022-04-13 05:24:35.421745,b0beae7be6bf0f7aa3a532b7
groucign.com,AVAILABILITY,origin.list,origin.list,2022-04-13 05:24:39.153133,b0beae7be6bf0f7aa3a532b7
grushashuka.pro,AVAILABILITY,origin.list,origin.list,2022-04-13 05:24:43.305567,b0beae7be6bf0f7aa3a532b7
groupiklan.com,AVAILABILITY,origin.list,origin.list,2022-04-13 05:24:43.775950,b0beae7be6bf0f7aa3a532b7
gudangbanner.com,AVAILABILITY,origin.list,origin.list,2022-04-13 05:24:43.963214,b0beae7be6bf0f7aa3a532b7
gypsiedjilt.com,AVAILABILITY,origin.list,origin.list,2022-04-13 05:24:47.294004,b0beae7be6bf0f7aa3a532b7
halal.ad,AVAILABILITY,origin.list,origin.list,2022-04-13 05:24:47.843931,b0beae7be6bf0f7aa3a532b7
hedgehoghugsyou.com,AVAILABILITY,origin.list,origin.list,2022-04-13 05:24:52.468274,b0beae7be6bf0f7aa3a532b7
herdethi.net,AVAILABILITY,origin.list,origin.list,2022-04-13 05:24:52.528886,b0beae7be6bf0f7aa3a532b7
hoegutvie.com,AVAILABILITY,origin.list,origin.list,2022-04-13 05:24:57.229098,b0beae7be6bf0f7aa3a532b7
hitadsmedia.com,AVAILABILITY,origin.list,origin.list,2022-04-13 05:24:57.734660,b0beae7be6bf0f7aa3a532b7
hosillfir.site,AVAILABILITY,origin.list,origin.list,2022-04-13 05:24:58.753675,b0beae7be6bf0f7aa3a532b7
hqchbs.com,AVAILABILITY,origin.list,origin.list,2022-04-13 05:25:04.103875,b0beae7be6bf0f7aa3a532b7
iklan-laris.com,AVAILABILITY,origin.list,origin.list,2022-04-13 05:25:08.708189,b0beae7be6bf0f7aa3a532b7
ihqfiimrbcf.com,AVAILABILITY,origin.list,origin.list,2022-04-13 05:25:11.911699,b0beae7be6bf0f7aa3a532b7
iklanads.com,AVAILABILITY,origin.list,origin.list,2022-04-13 05:25:14.626681,b0beae7be6bf0f7aa3a532b7
iklanbarisgratis.com,AVAILABILITY,origin.list,origin.list,2022-04-13 05:25:16.121110,b0beae7be6bf0f7aa3a532b7
ibnads.xl.co.id,AVAILABILITY,origin.list,origin.list,2022-04-13 05:25:17.437490,b0beae7be6bf0f7aa3a532b7
iklanbarismu.com,AVAILABILITY,origin.list,origin.list,2022-04-13 05:25:18.478108,b0beae7be6bf0f7aa3a532b7
iklanblogger.com,AVAILABILITY,origin.list,origin.list,2022-04-13 05:25:23.025930,b0beae7be6bf0f7aa3a532b7
iklanbogor.com,AVAILABILITY,origin.list,origin.list,2022-04-13 05:25:25.134093,b0beae7be6bf0f7aa3a532b7
iklangratis88.com,AVAILABILITY,origin.list,origin.list,2022-04-13 05:25:27.690210,b0beae7be6bf0f7aa3a532b7
iklangratis.com,AVAILABILITY,origin.list,origin.list,2022-04-13 05:25:28.174359,b0beae7be6bf0f7aa3a532b7
iklandenpasar.com,AVAILABILITY,origin.list,origin.list,2022-04-13 05:25:31.930228,b0beae7be6bf0f7aa3a532b7
iklanhoki.com,AVAILABILITY,origin.list,origin.list,2022-04-13 05:25:33.684994,b0beae7be6bf0f7aa3a532b7
iklanoke.com,AVAILABILITY,origin.list,origin.list,2022-04-13 05:25:38.004800,b0beae7be6bf0f7aa3a532b7
iklanhemat.com,AVAILABILITY,origin.list,origin.list,2022-04-13 05:25:38.452972,b0beae7be6bf0f7aa3a532b7
iklantelevisi.com,AVAILABILITY,origin.list,origin.list,2022-04-13 05:25:38.934055,b0beae7be6bf0f7aa3a532b7
iklantext.com,AVAILABILITY,origin.list,origin.list,2022-04-13 05:25:42.555963,b0beae7be6bf0f7aa3a532b7
iklanumum.com,AVAILABILITY,origin.list,origin.list,2022-04-13 05:25:46.789447,b0beae7be6bf0f7aa3a532b7
indofreeads.com,AVAILABILITY,origin.list,origin.list,2022-04-13 05:25:48.385696,b0beae7be6bf0f7aa3a532b7
istana-impian.com,AVAILABILITY,origin.list,origin.list,2022-04-13 05:25:51.679996,b0beae7be6bf0f7aa3a532b7
indoleads.com,AVAILABILITY,origin.list,origin.list,2022-04-13 05:25:51.806185,b0beae7be6bf0f7aa3a532b7
istana-impian2.com,AVAILABILITY,origin.list,origin.list,2022-04-13 05:25:53.394784,b0beae7be6bf0f7aa3a532b7
indobanner.com,AVAILABILITY,origin.list,origin.list,2022-04-13 05:25:57.084052,b0beae7be6bf0f7aa3a532b7
istanaiklan.com,AVAILABILITY,origin.list,origin.list,2022-04-13 05:25:59.758386,b0beae7be6bf0f7aa3a532b7
istanaimpian2.com,AVAILABILITY,origin.list,origin.list,2022-04-13 05:26:03.333730,b0beae7be6bf0f7aa3a532b7
istanaimpian3.com,AVAILABILITY,origin.list,origin.list,2022-04-13 05:26:04.025900,b0beae7be6bf0f7aa3a532b7
istanaimpian1.com,AVAILABILITY,origin.list,origin.list,2022-04-13 05:26:06.487610,b0beae7be6bf0f7aa3a532b7
iupqelechcmj.com,AVAILABILITY,origin.list,origin.list,2022-04-13 05:26:07.865842,b0beae7be6bf0f7aa3a532b7
iwtserve.com,AVAILABILITY,origin.list,origin.list,2022-04-13 05:26:08.916371,b0beae7be6bf0f7aa3a532b7
jagoiklan.com,AVAILABILITY,origin.list,origin.list,2022-04-13 05:26:15.833332,b0beae7be6bf0f7aa3a532b7
javaiklan.com,AVAILABILITY,origin.list,origin.list,2022-04-13 05:26:16.749998,b0beae7be6bf0f7aa3a532b7
jagopromo.com,AVAILABILITY,origin.list,origin.list,2022-04-13 05:26:19.150381,b0beae7be6bf0f7aa3a532b7
jasaiklan.com,AVAILABILITY,origin.list,origin.list,2022-04-13 05:26:19.229926,b0beae7be6bf0f7aa3a532b7
jillsclickcorner.com,AVAILABILITY,origin.list,origin.list,2022-04-13 05:26:19.346877,b0beae7be6bf0f7aa3a532b7
jnwsrqxrdqct.top,AVAILABILITY,origin.list,origin.list,2022-04-13 05:26:24.772527,b0beae7be6bf0f7aa3a532b7
kambingjantan.cc,AVAILABILITY,origin.list,origin.list,2022-04-13 05:26:29.481068,b0beae7be6bf0f7aa3a532b7
katurars.com,AVAILABILITY,origin.list,origin.list,2022-04-13 05:26:30.471965,b0beae7be6bf0f7aa3a532b7
juruiklan.com,AVAILABILITY,origin.list,origin.list,2022-04-13 05:26:31.035692,b0beae7be6bf0f7aa3a532b7
katukaunamiss.com,AVAILABILITY,origin.list,origin.list,2022-04-13 05:26:31.516828,b0beae7be6bf0f7aa3a532b7
kiltyyoginis.com,AVAILABILITY,origin.list,origin.list,2022-04-13 05:26:35.749137,b0beae7be6bf0f7aa3a532b7
ld82ydd.com,AVAILABILITY,origin.list,origin.list,2022-04-13 05:26:39.557624,b0beae7be6bf0f7aa3a532b7
lokeriklan.com,AVAILABILITY,origin.list,origin.list,2022-04-13 05:26:40.346801,b0beae7be6bf0f7aa3a532b7
klikajadeh.com,AVAILABILITY,origin.list,origin.list,2022-04-13 05:26:40.839345,b0beae7be6bf0f7aa3a532b7
leoceran.pw,AVAILABILITY,origin.list,origin.list,2022-04-13 05:26:41.039692,b0beae7be6bf0f7aa3a532b7
lpaizureik.com,AVAILABILITY,origin.list,origin.list,2022-04-13 05:26:47.310227,b0beae7be6bf0f7aa3a532b7
lsgqlgoc.com,AVAILABILITY,origin.list,origin.list,2022-04-13 05:26:48.572056,b0beae7be6bf0f7aa3a532b7
luven.xyz,AVAILABILITY,origin.list,origin.list,2022-04-13 05:26:53.359596,b0beae7be6bf0f7aa3a532b7
lugtardam.com,AVAILABILITY,origin.list,origin.list,2022-04-13 05:26:53.943796,b0beae7be6bf0f7aa3a532b7
masteriklan.net,AVAILABILITY,origin.list,origin.list,2022-04-13 05:26:57.142144,b0beae7be6bf0f7aa3a532b7
mediab.uy,AVAILABILITY,origin.list,origin.list,2022-04-13 05:26:58.144715,b0beae7be6bf0f7aa3a532b7
luckyads.pro,AVAILABILITY,origin.list,origin.list,2022-04-13 05:26:57.952804,b0beae7be6bf0f7aa3a532b7
mifsirnhvvrps.top,AVAILABILITY,origin.list,origin.list,2022-04-13 05:27:05.237813,b0beae7be6bf0f7aa3a532b7
motosal.net,AVAILABILITY,origin.list,origin.list,2022-04-13 05:27:05.460917,b0beae7be6bf0f7aa3a532b7
mousheen.net,AVAILABILITY,origin.list,origin.list,2022-04-13 05:27:07.231196,b0beae7be6bf0f7aa3a532b7
mesiniklan.andipublisher.com,AVAILABILITY,origin.list,origin.list,2022-04-13 05:27:10.105771,b0beae7be6bf0f7aa3a532b7
mybannermaker.com,AVAILABILITY,origin.list,origin.list,2022-04-13 05:27:10.695170,b0beae7be6bf0f7aa3a532b7
newsupdatewe.info,AVAILABILITY,origin.list,origin.list,2022-04-13 05:27:13.084827,b0beae7be6bf0f7aa3a532b7
nakedfulfilhairy.com,AVAILABILITY,origin.list,origin.list,2022-04-13 05:27:16.431013,b0beae7be6bf0f7aa3a532b7
nvqonvfylkxdjc.com,AVAILABILITY,origin.list,origin.list,2022-04-13 05:27:16.587064,b0beae7be6bf0f7aa3a532b7
oardjnay.com,AVAILABILITY,origin.list,origin.list,2022-04-13 05:27:19.067732,b0beae7be6bf0f7aa3a532b7
octafx.com,AVAILABILITY,origin.list,origin.list,2022-04-13 05:27:20.726614,b0beae7be6bf0f7aa3a532b7
offer.popsads.link,AVAILABILITY,origin.list,origin.list,2022-04-13 05:27:22.426418,b0beae7be6bf0f7aa3a532b7
olenation.org,AVAILABILITY,origin.list,origin.list,2022-04-13 05:27:23.873760,b0beae7be6bf0f7aa3a532b7
olkrzytv.com,AVAILABILITY,origin.list,origin.list,2022-04-13 05:27:28.139914,b0beae7be6bf0f7aa3a532b7
offerjuice.me,AVAILABILITY,origin.list,origin.list,2022-04-13 05:27:28.194446,b0beae7be6bf0f7aa3a532b7
onclkds.com,AVAILABILITY,origin.list,origin.list,2022-04-13 05:27:31.293669,b0beae7be6bf0f7aa3a532b7
onigagalai.ru,AVAILABILITY,origin.list,origin.list,2022-04-13 05:27:32.821403,b0beae7be6bf0f7aa3a532b7
olmsoneenh.info,AVAILABILITY,origin.list,origin.list,2022-04-13 05:27:33.116180,b0beae7be6bf0f7aa3a532b7
p.eeco.xyz,AVAILABILITY,origin.list,origin.list,2022-04-13 05:27:35.851812,b0beae7be6bf0f7aa3a532b7
openadserving.com,AVAILABILITY,origin.list,origin.list,2022-04-13 05:27:37.159894,b0beae7be6bf0f7aa3a532b7
ovibospeseta.com,AVAILABILITY,origin.list,origin.list,2022-04-13 05:27:38.316573,b0beae7be6bf0f7aa3a532b7
p01.notifa.info,AVAILABILITY,origin.list,origin.list,2022-04-13 05:27:51.194850,b0beae7be6bf0f7aa3a532b7
p03.notifa.info,AVAILABILITY,origin.list,origin.list,2022-04-13 05:27:53.750999,b0beae7be6bf0f7aa3a532b7
p02.notifa.info,AVAILABILITY,origin.list,origin.list,2022-04-13 05:27:54.083722,b0beae7be6bf0f7aa3a532b7
p04.notifa.info,AVAILABILITY,origin.list,origin.list,2022-04-13 05:27:55.794319,b0beae7be6bf0f7aa3a532b7
p05.notifa.info,AVAILABILITY,origin.list,origin.list,2022-04-13 05:27:55.919739,b0beae7be6bf0f7aa3a532b7
padssup.com,AVAILABILITY,origin.list,origin.list,2022-04-13 05:27:59.600047,b0beae7be6bf0f7aa3a532b7
pasangiklan.com,AVAILABILITY,origin.list,origin.list,2022-04-13 05:28:04.898668,b0beae7be6bf0f7aa3a532b7
paidforfree.com,AVAILABILITY,origin.list,origin.list,2022-04-13 05:28:04.964172,b0beae7be6bf0f7aa3a532b7
paypopup.com,AVAILABILITY,origin.list,origin.list,2022-04-13 05:28:05.047347,b0beae7be6bf0f7aa3a532b7
pc3ads.com,AVAILABILITY,origin.list,origin.list,2022-04-13 05:28:07.724888,b0beae7be6bf0f7aa3a532b7
pasariklanbaris.com,AVAILABILITY,origin.list,origin.list,2022-04-13 05:28:07.835719,b0beae7be6bf0f7aa3a532b7
peevopoy.com,AVAILABILITY,origin.list,origin.list,2022-04-13 05:28:12.321779,b0beae7be6bf0f7aa3a532b7
phca85g3n400.com,AVAILABILITY,origin.list,origin.list,2022-04-13 05:28:14.234937,b0beae7be6bf0f7aa3a532b7
pheersie.com,AVAILABILITY,origin.list,origin.list,2022-04-13 05:28:14.905715,b0beae7be6bf0f7aa3a532b7
phudrour.net,AVAILABILITY,origin.list,origin.list,2022-04-13 05:28:18.320241,b0beae7be6bf0f7aa3a532b7
promobagus.com,AVAILABILITY,origin.list,origin.list,2022-04-13 05:28:20.359739,b0beae7be6bf0f7aa3a532b7
pondokiklan.com,AVAILABILITY,origin.list,origin.list,2022-04-13 05:28:20.912686,b0beae7be6bf0f7aa3a532b7
popclck.net,AVAILABILITY,origin.list,origin.list,2022-04-13 05:28:22.202934,b0beae7be6bf0f7aa3a532b7
presbanise.pw,AVAILABILITY,origin.list,origin.list,2022-04-13 05:28:23.125206,b0beae7be6bf0f7aa3a532b7
promotioncamp.com,AVAILABILITY,origin.list,origin.list,2022-04-13 05:28:27.821393,b0beae7be6bf0f7aa3a532b7
publish.web.id,AVAILABILITY,origin.list,origin.list,2022-04-13 05:28:30.153437,b0beae7be6bf0f7aa3a532b7
pvwtkxcpsrcsd.com,AVAILABILITY,origin.list,origin.list,2022-04-13 05:28:30.272579,b0beae7be6bf0f7aa3a532b7
props.id,AVAILABILITY,origin.list,origin.list,2022-04-13 05:28:30.511124,b0beae7be6bf0f7aa3a532b7
pusatiklan.com,AVAILABILITY,origin.list,origin.list,2022-04-13 05:28:32.090807,b0beae7be6bf0f7aa3a532b7
rccsekuitas.com,AVAILABILITY,origin.list,origin.list,2022-04-13 05:28:36.442169,b0beae7be6bf0f7aa3a532b7
randallbesin.com,AVAILABILITY,origin.list,origin.list,2022-04-13 05:28:37.601619,b0beae7be6bf0f7aa3a532b7
qprskl.com,AVAILABILITY,origin.list,origin.list,2022-04-13 05:28:38.141123,b0beae7be6bf0f7aa3a532b7
realwap.net,AVAILABILITY,origin.list,origin.list,2022-04-13 05:28:39.534450,b0beae7be6bf0f7aa3a532b7
replase.ml,AVAILABILITY,origin.list,origin.list,2022-04-13 05:28:40.215085,b0beae7be6bf0f7aa3a532b7
repsrowedpay.com,AVAILABILITY,origin.list,origin.list,2022-04-13 05:28:43.979613,b0beae7be6bf0f7aa3a532b7
rsfudjsnroc.com,AVAILABILITY,origin.list,origin.list,2022-04-13 05:28:45.274088,b0beae7be6bf0f7aa3a532b7
roojouma.com,AVAILABILITY,origin.list,origin.list,2022-04-13 05:28:45.721834,b0beae7be6bf0f7aa3a532b7
ridingintractable.com,AVAILABILITY,origin.list,origin.list,2022-04-13 05:28:45.755375,b0beae7be6bf0f7aa3a532b7
rufadses.net,AVAILABILITY,origin.list,origin.list,2022-04-13 05:28:48.743353,b0beae7be6bf0f7aa3a532b7
sanglah.com,AVAILABILITY,origin.list,origin.list,2022-04-13 05:28:53.433249,b0beae7be6bf0f7aa3a532b7
sawnowepage.com,AVAILABILITY,origin.list,origin.list,2022-04-13 05:28:54.883729,b0beae7be6bf0f7aa3a532b7
scriptall.ml,AVAILABILITY,origin.list,origin.list,2022-04-13 05:28:55.275597,b0beae7be6bf0f7aa3a532b7
sarapbeh.com,AVAILABILITY,origin.list,origin.list,2022-04-13 05:28:55.572147,b0beae7be6bf0f7aa3a532b7
see-work.info,AVAILABILITY,origin.list,origin.list,2022-04-13 05:28:57.863808,b0beae7be6bf0f7aa3a532b7
sekaneemits.com,AVAILABILITY,origin.list,origin.list,2022-04-13 05:29:00.762729,b0beae7be6bf0f7aa3a532b7
serbapromo.com,AVAILABILITY,origin.list,origin.list,2022-04-13 05:29:04.091940,b0beae7be6bf0f7aa3a532b7
sentrapromosi.com,AVAILABILITY,origin.list,origin.list,2022-04-13 05:29:04.935889,b0beae7be6bf0f7aa3a532b7
serbada.com,AVAILABILITY,origin.list,origin.list,2022-04-13 05:29:07.176092,b0beae7be6bf0f7aa3a532b7
shiiuojjccp.com,AVAILABILITY,origin.list,origin.list,2022-04-13 05:29:08.246450,b0beae7be6bf0f7aa3a532b7
shiiticprating.com,AVAILABILITY,origin.list,origin.list,2022-04-13 05:29:08.258726,b0beae7be6bf0f7aa3a532b7
shiokambing2.com,AVAILABILITY,origin.list,origin.list,2022-04-13 05:29:11.599691,b0beae7be6bf0f7aa3a532b7
shqbsdjatunl.com,AVAILABILITY,origin.list,origin.list,2022-04-13 05:29:12.452383,b0beae7be6bf0f7aa3a532b7
sitti.co.id,AVAILABILITY,origin.list,origin.list,2022-04-13 05:29:14.698225,b0beae7be6bf0f7aa3a532b7
situsiklanbaris.com,AVAILABILITY,origin.list,origin.list,2022-04-13 05:29:14.924421,b0beae7be6bf0f7aa3a532b7
spanuletubings.com,AVAILABILITY,origin.list,origin.list,2022-04-13 05:29:14.932167,b0beae7be6bf0f7aa3a532b7
spewyelks.com,AVAILABILITY,origin.list,origin.list,2022-04-13 05:29:18.217457,b0beae7be6bf0f7aa3a532b7
suryaiklan.com,AVAILABILITY,origin.list,origin.list,2022-04-13 05:29:22.479733,b0beae7be6bf0f7aa3a532b7
syndopop.com,AVAILABILITY,origin.list,origin.list,2022-04-13 05:29:22.691702,b0beae7be6bf0f7aa3a532b7
taoyinbiacid.com,AVAILABILITY,origin.list,origin.list,2022-04-13 05:29:23.669259,b0beae7be6bf0f7aa3a532b7
sumberiklan.com,AVAILABILITY,origin.list,origin.list,2022-04-13 05:29:24.302320,b0beae7be6bf0f7aa3a532b7
teliad.com,AVAILABILITY,origin.list,origin.list,2022-04-13 05:29:25.289103,b0beae7be6bf0f7aa3a532b7
tidnqztumpnk.com,AVAILABILITY,origin.list,origin.list,2022-04-13 05:29:26.821115,b0beae7be6bf0f7aa3a532b7
theclickers.net,AVAILABILITY,origin.list,origin.list,2022-04-13 05:29:30.936668,b0beae7be6bf0f7aa3a532b7
tinfunshe.club,AVAILABILITY,origin.list,origin.list,2022-04-13 05:29:31.113723,b0beae7be6bf0f7aa3a532b7
topklik.com,AVAILABILITY,origin.list,origin.list,2022-04-13 05:29:31.264893,b0beae7be6bf0f7aa3a532b7
tinggalklik.com,AVAILABILITY,origin.list,origin.list,2022-04-13 05:29:34.264382,b0beae7be6bf0f7aa3a532b7
topsurfer.com,AVAILABILITY,origin.list,origin.list,2022-04-13 05:29:36.175494,b0beae7be6bf0f7aa3a532b7
tsyndolls.com,AVAILABILITY,origin.list,origin.list,2022-04-13 05:29:36.787587,b0beae7be6bf0f7aa3a532b7
trendlope.com,AVAILABILITY,origin.list,origin.list,2022-04-13 05:29:39.149260,b0beae7be6bf0f7aa3a532b7
tylosischewer.com,AVAILABILITY,origin.list,origin.list,2022-04-13 05:29:41.176231,b0beae7be6bf0f7aa3a532b7
u-ad.info,AVAILABILITY,origin.list,origin.list,2022-04-13 05:29:41.332418,b0beae7be6bf0f7aa3a532b7
ueuodgnrhb.com,AVAILABILITY,origin.list,origin.list,2022-04-13 05:29:43.825444,b0beae7be6bf0f7aa3a532b7
tummiarunzpf.com,AVAILABILITY,origin.list,origin.list,2022-04-13 05:29:45.641692,b0beae7be6bf0f7aa3a532b7
uoarbhxfyygn.com,AVAILABILITY,origin.list,origin.list,2022-04-13 05:29:47.271780,b0beae7be6bf0f7aa3a532b7
unawakegaleus.com,AVAILABILITY,origin.list,origin.list,2022-04-13 05:29:48.813828,b0beae7be6bf0f7aa3a532b7
uadexchange.com,AVAILABILITY,origin.list,origin.list,2022-04-13 05:29:49.100100,b0beae7be6bf0f7aa3a532b7
uofmnbkm.com,AVAILABILITY,origin.list,origin.list,2022-04-13 05:29:51.026593,b0beae7be6bf0f7aa3a532b7
vrewpywootyu.com,AVAILABILITY,origin.list,origin.list,2022-04-13 05:29:55.410050,b0beae7be6bf0f7aa3a532b7
wbaogaqvrukprx.com,AVAILABILITY,origin.list,origin.list,2022-04-13 05:29:56.610563,b0beae7be6bf0f7aa3a532b7
utopia.ad-loupe.com,AVAILABILITY,origin.list,origin.list,2022-04-13 05:29:57.113430,b0beae7be6bf0f7aa3a532b7
webiklan.com,AVAILABILITY,origin.list,origin.list,2022-04-13 05:29:58.897666,b0beae7be6bf0f7aa3a532b7
useads.com,AVAILABILITY,origin.list,origin.list,2022-04-13 05:30:03.832543,b0beae7be6bf0f7aa3a532b7
window-close.ga,AVAILABILITY,origin.list,origin.list,2022-04-13 05:30:04.703285,b0beae7be6bf0f7aa3a532b7
x-tags.net,AVAILABILITY,origin.list,origin.list,2022-04-13 05:30:05.767746,b0beae7be6bf0f7aa3a532b7
xcnqoertn.xyz,AVAILABILITY,origin.list,origin.list,2022-04-13 05:30:06.556199,b0beae7be6bf0f7aa3a532b7
yawnspuker.com,AVAILABILITY,origin.list,origin.list,2022-04-13 05:30:08.482273,b0beae7be6bf0f7aa3a532b7
yhig.info,AVAILABILITY,origin.list,origin.list,2022-04-13 05:30:11.192700,b0beae7be6bf0f7aa3a532b7
ys3e965d.top,AVAILABILITY,origin.list,origin.list,2022-04-13 05:30:14.720549,b0beae7be6bf0f7aa3a532b7
yesads.com,AVAILABILITY,origin.list,origin.list,2022-04-13 05:30:15.961568,b0beae7be6bf0f7aa3a532b7
yllix.com,AVAILABILITY,origin.list,origin.list,2022-04-13 05:30:18.080422,b0beae7be6bf0f7aa3a532b7
144.126.241.203,AVAILABILITY,origin.list,origin.list,2022-04-13 05:30:18.039280,b0beae7be6bf0f7aa3a532b7
yx-ads6.com,AVAILABILITY,origin.list,origin.list,2022-04-13 05:30:19.006641,b0beae7be6bf0f7aa3a532b7
zukxd6fkxqn.com,AVAILABILITY,origin.list,origin.list,2022-04-13 05:30:20.505109,b0beae7be6bf0f7aa3a532b7
c-stat.eu,AVAILABILITY,origin.list,origin.list,2022-04-13 05:30:23.495581,b0beae7be6bf0f7aa3a532b7
cutt.ly,AVAILABILITY,origin.list,origin.list,2022-04-13 05:30:28.294449,b0beae7be6bf0f7aa3a532b7
hesftig.site,AVAILABILITY,origin.list,origin.list,2022-04-13 05:30:28.414683,b0beae7be6bf0f7aa3a532b7
ktrackdata.com,AVAILABILITY,origin.list,origin.list,2022-04-13 05:30:28.652706,b0beae7be6bf0f7aa3a532b7
moneyfree.co,AVAILABILITY,origin.list,origin.list,2022-04-13 05:30:29.000332,b0beae7be6bf0f7aa3a532b7
nonegrysu.pro,AVAILABILITY,origin.list,origin.list,2022-04-13 05:30:31.653336,b0beae7be6bf0f7aa3a532b7
track.avxid.com,AVAILABILITY,origin.list,origin.list,2022-04-13 05:30:33.379206,b0beae7be6bf0f7aa3a532b7
profitsurvey365.live,AVAILABILITY,origin.list,origin.list,2022-04-13 05:30:34.443201,b0beae7be6bf0f7aa3a532b7
track.zerofriend.com,AVAILABILITY,origin.list,origin.list,2022-04-13 05:30:37.299836,b0beae7be6bf0f7aa3a532b7
track.aptitudemedia.co,AVAILABILITY,origin.list,origin.list,2022-04-13 05:30:37.460797,b0beae7be6bf0f7aa3a532b7
trackingclick.net,AVAILABILITY,origin.list,origin.list,2022-04-13 05:30:41.290827,b0beae7be6bf0f7aa3a532b7
trk.cpaoptimizer.com,AVAILABILITY,origin.list,origin.list,2022-04-13 05:30:43.080474,b0beae7be6bf0f7aa3a532b7
traffic-monetizer.com,AVAILABILITY,origin.list,origin.list,2022-04-13 05:30:43.087939,b0beae7be6bf0f7aa3a532b7
trafficfactory.biz,AVAILABILITY,origin.list,origin.list,2022-04-13 05:30:48.665395,b0beae7be6bf0f7aa3a532b7
1b969cef84d93b43.com,AVAILABILITY,origin.list,origin.list,2022-04-13 05:30:49.998538,b0beae7be6bf0f7aa3a532b7
995db2642d3d852b.com,AVAILABILITY,origin.list,origin.list,2022-04-13 05:30:52.908946,b0beae7be6bf0f7aa3a532b7
1486050000.rsc.cdn77.org,AVAILABILITY,origin.list,origin.list,2022-04-13 05:30:53.969549,b0beae7be6bf0f7aa3a532b7
bcajjtbzmdrl.com,AVAILABILITY,origin.list,origin.list,2022-04-13 05:30:55.332802,b0beae7be6bf0f7aa3a532b7
6631f33cf2a1032b.com,AVAILABILITY,origin.list,origin.list,2022-04-13 05:30:56.825124,b0beae7be6bf0f7aa3a532b7
9icmzvn6.website,AVAILABILITY,origin.list,origin.list,2022-04-13 05:31:02.265400,b0beae7be6bf0f7aa3a532b7
browsertelemetry.tk,AVAILABILITY,origin.list,origin.list,2022-04-13 05:31:06.401686,b0beae7be6bf0f7aa3a532b7
cea9d3d4f74fb831.com,AVAILABILITY,origin.list,origin.list,2022-04-13 05:31:07.218317,b0beae7be6bf0f7aa3a532b7
cfs.uzone.id,AVAILABILITY,origin.list,origin.list,2022-04-13 05:31:08.034394,b0beae7be6bf0f7aa3a532b7
cfs2.uzone.id,AVAILABILITY,origin.list,origin.list,2022-04-13 05:31:08.501600,b0beae7be6bf0f7aa3a532b7
csf.uzone.id,AVAILABILITY,origin.list,origin.list,2022-04-13 05:31:13.350345,b0beae7be6bf0f7aa3a532b7
dewsburg.info,AVAILABILITY,origin.list,origin.list,2022-04-13 05:31:17.838714,b0beae7be6bf0f7aa3a532b7
edspectsm.fun,AVAILABILITY,origin.list,origin.list,2022-04-13 05:31:18.530284,b0beae7be6bf0f7aa3a532b7
chqspuonctkgz.com,AVAILABILITY,origin.list,origin.list,2022-04-13 05:31:20.339684,b0beae7be6bf0f7aa3a532b7
goingsilltrusty.com,AVAILABILITY,origin.list,origin.list,2022-04-13 05:31:21.348506,b0beae7be6bf0f7aa3a532b7
gbrrrxbodqdlq.com,AVAILABILITY,origin.list,origin.list,2022-04-13 05:31:21.414121,b0beae7be6bf0f7aa3a532b7
iklantop.net,AVAILABILITY,origin.list,origin.list,2022-04-13 05:31:26.158081,b0beae7be6bf0f7aa3a532b7
hegarberetrof.pro,AVAILABILITY,origin.list,origin.list,2022-04-13 05:31:29.121633,b0beae7be6bf0f7aa3a532b7
kdbumyha.com,AVAILABILITY,origin.list,origin.list,2022-04-13 05:31:30.483396,b0beae7be6bf0f7aa3a532b7
misxgkvnlf.com,AVAILABILITY,origin.list,origin.list,2022-04-13 05:31:30.848496,b0beae7be6bf0f7aa3a532b7
.gif,AVAILABILITY,origin.list,origin.list,2022-04-13 05:31:31.544954,b0beae7be6bf0f7aa3a532b7
l9tdhe6.com,AVAILABILITY,origin.list,origin.list,2022-04-13 05:31:35.429817,b0beae7be6bf0f7aa3a532b7
kozoysnsx.com,AVAILABILITY,origin.list,origin.list,2022-04-13 05:31:38.226821,b0beae7be6bf0f7aa3a532b7
naetoris.pw,AVAILABILITY,origin.list,origin.list,2022-04-13 05:31:41.582358,b0beae7be6bf0f7aa3a532b7
popunderjs.club,AVAILABILITY,origin.list,origin.list,2022-04-13 05:31:42.185228,b0beae7be6bf0f7aa3a532b7
ourtherss.top,AVAILABILITY,origin.list,origin.list,2022-04-13 05:31:43.432499,b0beae7be6bf0f7aa3a532b7
q1xyxm89.com,AVAILABILITY,origin.list,origin.list,2022-04-13 05:31:47.389469,b0beae7be6bf0f7aa3a532b7
s2pops.club,AVAILABILITY,origin.list,origin.list,2022-04-13 05:31:47.449053,b0beae7be6bf0f7aa3a532b7
u-on.eu,AVAILABILITY,origin.list,origin.list,2022-04-13 05:31:51.455972,b0beae7be6bf0f7aa3a532b7
sebar.idblognetwork.com,AVAILABILITY,origin.list,origin.list,2022-04-13 05:31:52.776858,b0beae7be6bf0f7aa3a532b7
replase.gq,AVAILABILITY,origin.list,origin.list,2022-04-13 05:31:53.674885,b0beae7be6bf0f7aa3a532b7
uieoogjarimcey.com,AVAILABILITY,origin.list,origin.list,2022-04-13 05:31:58.551090,b0beae7be6bf0f7aa3a532b7
window-close.cf,AVAILABILITY,origin.list,origin.list,2022-04-13 05:31:59.052374,b0beae7be6bf0f7aa3a532b7
whjibbprhng.com,AVAILABILITY,origin.list,origin.list,2022-04-13 05:32:02.918488,b0beae7be6bf0f7aa3a532b7
weblogiklan.com,AVAILABILITY,origin.list,origin.list,2022-04-13 05:32:06.093193,b0beae7be6bf0f7aa3a532b7
www.bekdbxdhrffnj.com,AVAILABILITY,origin.list,origin.list,2022-04-13 05:32:06.214382,b0beae7be6bf0f7aa3a532b7
zuyejecgb.com,AVAILABILITY,origin.list,origin.list,2022-04-13 05:32:10.177849,b0beae7be6bf0f7aa3a532b7
www.seyevjpcjkcnka.com,AVAILABILITY,origin.list,origin.list,2022-04-13 05:32:13.208857,b0beae7be6bf0f7aa3a532b7
cfs1.uzone.id,AVAILABILITY,origin.list,origin.list,2022-04-13 05:32:17.364991,b0beae7be6bf0f7aa3a532b7
track.spzan.com,AVAILABILITY,origin.list,origin.list,2022-04-13 05:32:17.913119,b0beae7be6bf0f7aa3a532b7
trackdan.com,AVAILABILITY,origin.list,origin.list,2022-04-13 05:32:19.878402,b0beae7be6bf0f7aa3a532b7
tracker.beritagar.id,AVAILABILITY,origin.list,origin.list,2022-04-13 05:32:21.086063,b0beae7be6bf0f7aa3a532b7
tracker.lazada.co.id,AVAILABILITY,origin.list,origin.list,2022-04-13 05:32:24.400743,b0beae7be6bf0f7aa3a532b7
version:,AVAILABILITY,origin.list,origin.list,2022-04-13 05:32:31.989928,b0beae7be6bf0f7aa3a532b7
2.0],AVAILABILITY,origin.list,origin.list,2022-04-13 05:32:32.275978,b0beae7be6bf0f7aa3a532b7
[adblock,AVAILABILITY,origin.list,origin.list,2022-04-13 05:32:32.757976,b0beae7be6bf0f7aa3a532b7
202005240921,AVAILABILITY,origin.list,origin.list,2022-04-13 05:32:34.784006,b0beae7be6bf0f7aa3a532b7
!,AVAILABILITY,origin.list,origin.list,2022-04-13 05:32:40.205843,b0beae7be6bf0f7aa3a532b7
09:21,AVAILABILITY,origin.list,origin.list,2022-04-13 05:32:45.702275,b0beae7be6bf0f7aa3a532b7
last,AVAILABILITY,origin.list,origin.list,2022-04-13 05:32:46.510967,b0beae7be6bf0f7aa3a532b7
modified:,AVAILABILITY,origin.list,origin.list,2022-04-13 05:32:47.210257,b0beae7be6bf0f7aa3a532b7
may,AVAILABILITY,origin.list,origin.list,2022-04-13 05:32:50.707387,b0beae7be6bf0f7aa3a532b7
utc,AVAILABILITY,origin.list,origin.list,2022-04-13 05:32:52.085675,b0beae7be6bf0f7aa3a532b7
advert,AVAILABILITY,origin.list,origin.list,2022-04-13 05:33:00.920100,b0beae7be6bf0f7aa3a532b7
----------------------,AVAILABILITY,origin.list,origin.list,2022-04-13 05:33:01.402257,b0beae7be6bf0f7aa3a532b7
----------------------!,AVAILABILITY,origin.list,origin.list,2022-04-13 05:33:01.929012,b0beae7be6bf0f7aa3a532b7
blocking,AVAILABILITY,origin.list,origin.list,2022-04-13 05:33:04.602943,b0beae7be6bf0f7aa3a532b7
filters,AVAILABILITY,origin.list,origin.list,2022-04-13 05:33:07.721597,b0beae7be6bf0f7aa3a532b7
"||05ee3a24ed11df058c8.com^$popup,third-party",AVAILABILITY,origin.list,origin.list,2022-04-13 05:33:13.544676,b0beae7be6bf0f7aa3a532b7
abpindo:src/advert/adservers.txt,AVAILABILITY,origin.list,origin.list,2022-04-13 05:33:14.602769,b0beae7be6bf0f7aa3a532b7
***,AVAILABILITY,origin.list,origin.list,2022-04-13 05:33:14.989196,b0beae7be6bf0f7aa3a532b7
||2go7v1nes8.com^,AVAILABILITY,origin.list,origin.list,2022-04-13 05:33:19.061650,b0beae7be6bf0f7aa3a532b7
||188affiliates.com^$third-party,AVAILABILITY,origin.list,origin.list,2022-04-13 05:33:19.490677,b0beae7be6bf0f7aa3a532b7
||34667c8ece5.com^,AVAILABILITY,origin.list,origin.list,2022-04-13 05:33:20.302953,b0beae7be6bf0f7aa3a532b7
||9icmzvn6.website^$popup,AVAILABILITY,origin.list,origin.list,2022-04-13 05:33:23.979233,b0beae7be6bf0f7aa3a532b7
"||108.168.231.179^$popup,third-party",AVAILABILITY,origin.list,origin.list,2022-04-13 05:33:26.237054,b0beae7be6bf0f7aa3a532b7
||a63t9o1azf.com^$popup,AVAILABILITY,origin.list,origin.list,2022-04-13 05:33:29.893269,b0beae7be6bf0f7aa3a532b7
||a.brand.ad^$third-party,AVAILABILITY,origin.list,origin.list,2022-04-13 05:33:30.291056,b0beae7be6bf0f7aa3a532b7
||9eb10b7a3d04a.com^$popup,AVAILABILITY,origin.list,origin.list,2022-04-13 05:33:30.873634,b0beae7be6bf0f7aa3a532b7
||64p3am9x95ct.com^$popup,AVAILABILITY,origin.list,origin.list,2022-04-13 05:33:32.338520,b0beae7be6bf0f7aa3a532b7
||accesstrade.co.id^$third-party,AVAILABILITY,origin.list,origin.list,2022-04-13 05:33:38.480591,b0beae7be6bf0f7aa3a532b7
"||abrts.pro^$popup,third-party",AVAILABILITY,origin.list,origin.list,2022-04-13 05:33:38.885702,b0beae7be6bf0f7aa3a532b7
||adaranth.com^$third-party,AVAILABILITY,origin.list,origin.list,2022-04-13 05:33:41.787361,b0beae7be6bf0f7aa3a532b7
"||admarketplace.net^$popup,third-party",AVAILABILITY,origin.list,origin.list,2022-04-13 05:33:44.272465,b0beae7be6bf0f7aa3a532b7
||adbsys.icu^$popup,AVAILABILITY,origin.list,origin.list,2022-04-13 05:33:45.146174,b0beae7be6bf0f7aa3a532b7
||admp.io^$third-party,AVAILABILITY,origin.list,origin.list,2022-04-13 05:33:49.067805,b0beae7be6bf0f7aa3a532b7
||addesigner.com^$third-party,AVAILABILITY,origin.list,origin.list,2022-04-13 05:33:49.667314,b0beae7be6bf0f7aa3a532b7
||adflazz.com^$third-party,AVAILABILITY,origin.list,origin.list,2022-04-13 05:33:52.275707,b0beae7be6bf0f7aa3a532b7
||adpop-1.com^$third-party,AVAILABILITY,origin.list,origin.list,2022-04-13 05:33:53.382287,b0beae7be6bf0f7aa3a532b7
"||adnety.com^$popup,third-party",AVAILABILITY,origin.list,origin.list,2022-04-13 05:33:56.630207,b0beae7be6bf0f7aa3a532b7
||ads-link.net^$third-party,AVAILABILITY,origin.list,origin.list,2022-04-13 05:34:00.347054,b0beae7be6bf0f7aa3a532b7
||adplus.co.id^$third-party,AVAILABILITY,origin.list,origin.list,2022-04-13 05:34:02.412957,b0beae7be6bf0f7aa3a532b7
||adpstatic.com^$third-party,AVAILABILITY,origin.list,origin.list,2022-04-13 05:34:02.676666,b0beae7be6bf0f7aa3a532b7
||adreviewcamp.com^$third-party,AVAILABILITY,origin.list,origin.list,2022-04-13 05:34:05.457488,b0beae7be6bf0f7aa3a532b7
||adreach.co^$third-party,AVAILABILITY,origin.list,origin.list,2022-04-13 05:34:07.989700,b0beae7be6bf0f7aa3a532b7
||ads.indosatooredoo.com^$third-party,AVAILABILITY,origin.list,origin.list,2022-04-13 05:34:12.271255,b0beae7be6bf0f7aa3a532b7
||adslop.com^$third-party,AVAILABILITY,origin.list,origin.list,2022-04-13 05:34:13.299062,b0beae7be6bf0f7aa3a532b7
||adscpm.site^$third-party,AVAILABILITY,origin.list,origin.list,2022-04-13 05:34:14.503914,b0beae7be6bf0f7aa3a532b7
||adsbingo.com^$third-party,AVAILABILITY,origin.list,origin.list,2022-04-13 05:34:19.447514,b0beae7be6bf0f7aa3a532b7
||adshost.site^$third-party,AVAILABILITY,origin.list,origin.list,2022-04-13 05:34:19.583786,b0beae7be6bf0f7aa3a532b7
||adskom.com^$third-party,AVAILABILITY,origin.list,origin.list,2022-04-13 05:34:23.088965,b0beae7be6bf0f7aa3a532b7
||adtimeselaras.com^$popup,AVAILABILITY,origin.list,origin.list,2022-04-13 05:34:28.102584,b0beae7be6bf0f7aa3a532b7
||adtimeselaras.com^$third-party,AVAILABILITY,origin.list,origin.list,2022-04-13 05:34:28.338928,b0beae7be6bf0f7aa3a532b7
"||afbcashidr.com^$popup,third-party",AVAILABILITY,origin.list,origin.list,2022-04-13 05:34:28.412991,b0beae7be6bf0f7aa3a532b7
||ahcnxuepput.com^$popup,AVAILABILITY,origin.list,origin.list,2022-04-13 05:34:31.654150,b0beae7be6bf0f7aa3a532b7
||ajangiklangratis.com^$third-party,AVAILABILITY,origin.list,origin.list,2022-04-13 05:34:37.910311,b0beae7be6bf0f7aa3a532b7
||aj1052.online^$popup,AVAILABILITY,origin.list,origin.list,2022-04-13 05:34:40.737723,b0beae7be6bf0f7aa3a532b7
||anekaiklan.com^$third-party,AVAILABILITY,origin.list,origin.list,2022-04-13 05:34:41.125993,b0beae7be6bf0f7aa3a532b7
||alertpay.com^$third-party,AVAILABILITY,origin.list,origin.list,2022-04-13 05:34:42.672954,b0beae7be6bf0f7aa3a532b7
"||ampclicks.com^$popup,third-party",AVAILABILITY,origin.list,origin.list,2022-04-13 05:34:48.055272,b0beae7be6bf0f7aa3a532b7
||auredzeon.com^$popup,AVAILABILITY,origin.list,origin.list,2022-04-13 05:34:48.176448,b0beae7be6bf0f7aa3a532b7
"||azxsd.pro^$popup,third-party",AVAILABILITY,origin.list,origin.list,2022-04-13 05:34:49.159906,b0beae7be6bf0f7aa3a532b7
||aopxnvrugx.com^$popup,AVAILABILITY,origin.list,origin.list,2022-04-13 05:34:51.945053,b0beae7be6bf0f7aa3a532b7
||bcajjtbzmdrl.com^$popup,AVAILABILITY,origin.list,origin.list,2022-04-13 05:34:56.524416,b0beae7be6bf0f7aa3a532b7
"||axzsd.pro^$popup,third-party",AVAILABILITY,origin.list,origin.list,2022-04-13 05:34:56.678078,b0beae7be6bf0f7aa3a532b7
||badskies.com^$third-party,AVAILABILITY,origin.list,origin.list,2022-04-13 05:35:04.022147,b0beae7be6bf0f7aa3a532b7
||chqspuonctkgz.com^$popup,AVAILABILITY,origin.list,origin.list,2022-04-13 05:35:04.568962,b0beae7be6bf0f7aa3a532b7
||baliadv.com^$third-party,AVAILABILITY,origin.list,origin.list,2022-04-13 05:35:04.916328,b0beae7be6bf0f7aa3a532b7
||bellaads.com^$third-party,AVAILABILITY,origin.list,origin.list,2022-04-13 05:35:11.094649,b0beae7be6bf0f7aa3a532b7
||chidsimp.com^$third-party,AVAILABILITY,origin.list,origin.list,2022-04-13 05:35:11.580001,b0beae7be6bf0f7aa3a532b7
"||cjsab.com^$popup,third-party",AVAILABILITY,origin.list,origin.list,2022-04-13 05:35:12.477674,b0beae7be6bf0f7aa3a532b7
||clickmedia.co.id^$third-party,AVAILABILITY,origin.list,origin.list,2022-04-13 05:35:16.042676,b0beae7be6bf0f7aa3a532b7
||d0p21g2fep.com^,AVAILABILITY,origin.list,origin.list,2022-04-13 05:35:18.744477,b0beae7be6bf0f7aa3a532b7
||clicks.pipaffiliates.com^,AVAILABILITY,origin.list,origin.list,2022-04-13 05:35:19.756344,b0beae7be6bf0f7aa3a532b7
||click.eclk.club^$popup,AVAILABILITY,origin.list,origin.list,2022-04-13 05:35:23.620347,b0beae7be6bf0f7aa3a532b7
||d2405b0jymm2dk.cloudfront.net^,AVAILABILITY,origin.list,origin.list,2022-04-13 05:35:24.878671,b0beae7be6bf0f7aa3a532b7
||craydark.pw^$third-party,AVAILABILITY,origin.list,origin.list,2022-04-13 05:35:27.392529,b0beae7be6bf0f7aa3a532b7
||d24afgsm39csxt.cloudfront.net^,AVAILABILITY,origin.list,origin.list,2022-04-13 05:35:30.093777,b0beae7be6bf0f7aa3a532b7
||d2jn12r3o7an7z.cloudfront.net^,AVAILABILITY,origin.list,origin.list,2022-04-13 05:35:31.198842,b0beae7be6bf0f7aa3a532b7
||d3t5ngjixpjdho.cloudfront.net^,AVAILABILITY,origin.list,origin.list,2022-04-13 05:35:33.344984,b0beae7be6bf0f7aa3a532b7
||daero.pw^$popup,AVAILABILITY,origin.list,origin.list,2022-04-13 05:35:37.287077,b0beae7be6bf0f7aa3a532b7
||d72gb9oukw3j.com^$popup,AVAILABILITY,origin.list,origin.list,2022-04-13 05:35:38.896759,b0beae7be6bf0f7aa3a532b7
"||dafa.io^$popup,third-party",AVAILABILITY,origin.list,origin.list,2022-04-13 05:35:42.452819,b0beae7be6bf0f7aa3a532b7
||dalj98ktasppa.cloudfront.net^,AVAILABILITY,origin.list,origin.list,2022-04-13 05:35:43.758971,b0beae7be6bf0f7aa3a532b7
||dairouzy.net^$popup,AVAILABILITY,origin.list,origin.list,2022-04-13 05:35:43.758970,b0beae7be6bf0f7aa3a532b7
"||dearerfonder.info^$popup,third-party",AVAILABILITY,origin.list,origin.list,2022-04-13 05:35:49.178812,b0beae7be6bf0f7aa3a532b7
||digiads.co.id^$popup,AVAILABILITY,origin.list,origin.list,2022-04-13 05:35:50.078156,b0beae7be6bf0f7aa3a532b7
||dzbx8qv1at614.cloudfront.net^,AVAILABILITY,origin.list,origin.list,2022-04-13 05:35:53.379008,b0beae7be6bf0f7aa3a532b7
||dewsburg.info^$third-party,AVAILABILITY,origin.list,origin.list,2022-04-13 05:35:54.127257,b0beae7be6bf0f7aa3a532b7
||doathair.com^$third-party,AVAILABILITY,origin.list,origin.list,2022-04-13 05:35:56.016367,b0beae7be6bf0f7aa3a532b7
||e7393e33565ce805.com^$popup,AVAILABILITY,origin.list,origin.list,2022-04-13 05:36:01.304362,b0beae7be6bf0f7aa3a532b7
||digiads.co.id^$third-party,AVAILABILITY,origin.list,origin.list,2022-04-13 05:36:01.333688,b0beae7be6bf0f7aa3a532b7
||eclkmpbn.com^$third-party,AVAILABILITY,origin.list,origin.list,2022-04-13 05:36:02.776901,b0beae7be6bf0f7aa3a532b7
||drda5yf9kgz5p.cloudfront.net^,AVAILABILITY,origin.list,origin.list,2022-04-13 05:36:04.622654,b0beae7be6bf0f7aa3a532b7
||domnovrek.com^$third-party,AVAILABILITY,origin.list,origin.list,2022-04-13 05:36:06.343112,b0beae7be6bf0f7aa3a532b7
||eclkmpsa.com^$third-party,AVAILABILITY,origin.list,origin.list,2022-04-13 05:36:13.690069,b0beae7be6bf0f7aa3a532b7
||elfirkelk.com^$script,AVAILABILITY,origin.list,origin.list,2022-04-13 05:36:13.802116,b0beae7be6bf0f7aa3a532b7
||edomz.com^$third-party,AVAILABILITY,origin.list,origin.list,2022-04-13 05:36:15.165312,b0beae7be6bf0f7aa3a532b7
||epfcfhtjxqd.com^$popup,AVAILABILITY,origin.list,origin.list,2022-04-13 05:36:15.492022,b0beae7be6bf0f7aa3a532b7
||etoads.net^$popup,AVAILABILITY,origin.list,origin.list,2022-04-13 05:36:17.556173,b0beae7be6bf0f7aa3a532b7
||frpiksdeygy.com^$popup,AVAILABILITY,origin.list,origin.list,2022-04-13 05:36:28.666379,b0beae7be6bf0f7aa3a532b7
||furocmay.com^$popup,AVAILABILITY,origin.list,origin.list,2022-04-13 05:36:29.176612,b0beae7be6bf0f7aa3a532b7
||flexterkita.com^$third-party,AVAILABILITY,origin.list,origin.list,2022-04-13 05:36:29.427854,b0beae7be6bf0f7aa3a532b7
||etoads.net^$third-party,AVAILABILITY,origin.list,origin.list,2022-04-13 05:36:29.680962,b0beae7be6bf0f7aa3a532b7
||fryawlauk.com^$script,AVAILABILITY,origin.list,origin.list,2022-04-13 05:36:33.355016,b0beae7be6bf0f7aa3a532b7
||frpiksdeygy.com^$third-party,AVAILABILITY,origin.list,origin.list,2022-04-13 05:36:38.464311,b0beae7be6bf0f7aa3a532b7
||fnkyyrgraizy.com^$popup,AVAILABILITY,origin.list,origin.list,2022-04-13 05:36:39.035133,b0beae7be6bf0f7aa3a532b7
||groucign.com^$third-party,AVAILABILITY,origin.list,origin.list,2022-04-13 05:36:39.842475,b0beae7be6bf0f7aa3a532b7
||halal.ad^$third-party,AVAILABILITY,origin.list,origin.list,2022-04-13 05:36:43.109489,b0beae7be6bf0f7aa3a532b7
||groupiklan.com^$third-party,AVAILABILITY,origin.list,origin.list,2022-04-13 05:36:44.351072,b0beae7be6bf0f7aa3a532b7
||gudangbanner.com^$third-party,AVAILABILITY,origin.list,origin.list,2022-04-13 05:36:53.283803,b0beae7be6bf0f7aa3a532b7
||grushashuka.pro^$popup,AVAILABILITY,origin.list,origin.list,2022-04-13 05:36:54.224887,b0beae7be6bf0f7aa3a532b7
||hegarberetrof.pro^$popup,AVAILABILITY,origin.list,origin.list,2022-04-13 05:36:54.472369,b0beae7be6bf0f7aa3a532b7
||herdethi.net^$third-party,AVAILABILITY,origin.list,origin.list,2022-04-13 05:36:59.375804,b0beae7be6bf0f7aa3a532b7
||hitadsmedia.com^$third-party,AVAILABILITY,origin.list,origin.list,2022-04-13 05:36:59.807009,b0beae7be6bf0f7aa3a532b7
||iklan-laris.com^$third-party,AVAILABILITY,origin.list,origin.list,2022-04-13 05:37:07.112185,b0beae7be6bf0f7aa3a532b7
||hoegutvie.com^$popup,AVAILABILITY,origin.list,origin.list,2022-04-13 05:37:08.985763,b0beae7be6bf0f7aa3a532b7
||iklanads.com^$third-party,AVAILABILITY,origin.list,origin.list,2022-04-13 05:37:10.298212,b0beae7be6bf0f7aa3a532b7
||iklanbarisgratis.com^$third-party,AVAILABILITY,origin.list,origin.list,2022-04-13 05:37:12.368232,b0beae7be6bf0f7aa3a532b7
||iklanbarismu.com^$third-party,AVAILABILITY,origin.list,origin.list,2022-04-13 05:37:14.580611,b0beae7be6bf0f7aa3a532b7
||iklandenpasar.com^$third-party,AVAILABILITY,origin.list,origin.list,2022-04-13 05:37:17.003953,b0beae7be6bf0f7aa3a532b7
||iklanblogger.com^$third-party,AVAILABILITY,origin.list,origin.list,2022-04-13 05:37:23.454554,b0beae7be6bf0f7aa3a532b7
||iklangratis88.com^$third-party,AVAILABILITY,origin.list,origin.list,2022-04-13 05:37:26.607422,b0beae7be6bf0f7aa3a532b7
||iklanbogor.com^$third-party,AVAILABILITY,origin.list,origin.list,2022-04-13 05:37:27.504293,b0beae7be6bf0f7aa3a532b7
||iklanhemat.com^$third-party,AVAILABILITY,origin.list,origin.list,2022-04-13 05:37:31.300203,b0beae7be6bf0f7aa3a532b7
||iklangratis.com^$third-party,AVAILABILITY,origin.list,origin.list,2022-04-13 05:37:31.944869,b0beae7be6bf0f7aa3a532b7
||iklantanpadaftar.com^$third-party,AVAILABILITY,origin.list,origin.list,2022-04-13 05:37:39.591417,b0beae7be6bf0f7aa3a532b7
||iklanhoki.com^$third-party,AVAILABILITY,origin.list,origin.list,2022-04-13 05:37:40.148823,b0beae7be6bf0f7aa3a532b7
||iklantop.net^$third-party,AVAILABILITY,origin.list,origin.list,2022-04-13 05:37:40.720714,b0beae7be6bf0f7aa3a532b7
||iklanoke.com^$third-party,AVAILABILITY,origin.list,origin.list,2022-04-13 05:37:43.010234,b0beae7be6bf0f7aa3a532b7
||iklantext.com^$third-party,AVAILABILITY,origin.list,origin.list,2022-04-13 05:37:47.204384,b0beae7be6bf0f7aa3a532b7
||indofreeads.com^$third-party,AVAILABILITY,origin.list,origin.list,2022-04-13 05:37:52.074563,b0beae7be6bf0f7aa3a532b7
||iklantelevisi.com^$third-party,AVAILABILITY,origin.list,origin.list,2022-04-13 05:37:53.502443,b0beae7be6bf0f7aa3a532b7
||iklanumum.com^$third-party,AVAILABILITY,origin.list,origin.list,2022-04-13 05:37:55.193823,b0beae7be6bf0f7aa3a532b7
||indobanner.com^$third-party,AVAILABILITY,origin.list,origin.list,2022-04-13 05:37:59.050195,b0beae7be6bf0f7aa3a532b7
||indoleads.com^$third-party,AVAILABILITY,origin.list,origin.list,2022-04-13 05:38:05.248319,b0beae7be6bf0f7aa3a532b7
||istanaiklan.com^$third-party,AVAILABILITY,origin.list,origin.list,2022-04-13 05:38:08.517540,b0beae7be6bf0f7aa3a532b7
"||istana-impian.com^$popup,third-party",AVAILABILITY,origin.list,origin.list,2022-04-13 05:38:09.724501,b0beae7be6bf0f7aa3a532b7
"||istana-impian2.com^$popup,third-party",AVAILABILITY,origin.list,origin.list,2022-04-13 05:38:10.716500,b0beae7be6bf0f7aa3a532b7
"||istanaimpian1.com^$popup,third-party",AVAILABILITY,origin.list,origin.list,2022-04-13 05:38:12.432468,b0beae7be6bf0f7aa3a532b7
||jagopromo.com^$third-party,AVAILABILITY,origin.list,origin.list,2022-04-13 05:38:19.324482,b0beae7be6bf0f7aa3a532b7
"||istanaimpian3.com^$popup,third-party",AVAILABILITY,origin.list,origin.list,2022-04-13 05:38:21.608372,b0beae7be6bf0f7aa3a532b7
"||istanaimpian2.com^$popup,third-party",AVAILABILITY,origin.list,origin.list,2022-04-13 05:38:22.194908,b0beae7be6bf0f7aa3a532b7
"||iupqelechcmj.com^$popup,third-party",AVAILABILITY,origin.list,origin.list,2022-04-13 05:38:28.697352,b0beae7be6bf0f7aa3a532b7
||jagoiklan.com^$third-party,AVAILABILITY,origin.list,origin.list,2022-04-13 05:38:29.349635,b0beae7be6bf0f7aa3a532b7
||jillsclickcorner.com^$third-party,AVAILABILITY,origin.list,origin.list,2022-04-13 05:38:34.550806,b0beae7be6bf0f7aa3a532b7
||javaiklan.com^$third-party,AVAILABILITY,origin.list,origin.list,2022-04-13 05:38:38.031686,b0beae7be6bf0f7aa3a532b7
||jasaiklan.com^$third-party,AVAILABILITY,origin.list,origin.list,2022-04-13 05:38:38.193118,b0beae7be6bf0f7aa3a532b7
||juruiklan.com^$third-party,AVAILABILITY,origin.list,origin.list,2022-04-13 05:38:41.653082,b0beae7be6bf0f7aa3a532b7
||ld82ydd.com^$popup,AVAILABILITY,origin.list,origin.list,2022-04-13 05:38:46.441024,b0beae7be6bf0f7aa3a532b7
||katurars.com^$popup,AVAILABILITY,origin.list,origin.list,2022-04-13 05:38:47.927260,b0beae7be6bf0f7aa3a532b7
||klikajadeh.com^$third-party,AVAILABILITY,origin.list,origin.list,2022-04-13 05:38:51.947124,b0beae7be6bf0f7aa3a532b7
||l9tdhe6.com^$popup,AVAILABILITY,origin.list,origin.list,2022-04-13 05:38:52.574842,b0beae7be6bf0f7aa3a532b7
||luven.xyz^$popup,AVAILABILITY,origin.list,origin.list,2022-04-13 05:38:56.543141,b0beae7be6bf0f7aa3a532b7
||lokeriklan.com^$third-party,AVAILABILITY,origin.list,origin.list,2022-04-13 05:39:00.899199,b0beae7be6bf0f7aa3a532b7
||leoceran.pw^$popup,AVAILABILITY,origin.list,origin.list,2022-04-13 05:39:04.872673,b0beae7be6bf0f7aa3a532b7
||luven.xyz^$third-party,AVAILABILITY,origin.list,origin.list,2022-04-13 05:39:06.391883,b0beae7be6bf0f7aa3a532b7
||lopzitpup.com^$script,AVAILABILITY,origin.list,origin.list,2022-04-13 05:39:08.430820,b0beae7be6bf0f7aa3a532b7
||lpaizureik.com^$popup,AVAILABILITY,origin.list,origin.list,2022-04-13 05:39:10.847490,b0beae7be6bf0f7aa3a532b7
"||mediab.uy^$popup,third-party",AVAILABILITY,origin.list,origin.list,2022-04-13 05:39:17.069303,b0beae7be6bf0f7aa3a532b7
||mesiniklan.andipublisher.com^$third-party,AVAILABILITY,origin.list,origin.list,2022-04-13 05:39:19.939427,b0beae7be6bf0f7aa3a532b7
||mybannermaker.com^$third-party,AVAILABILITY,origin.list,origin.list,2022-04-13 05:39:21.031053,b0beae7be6bf0f7aa3a532b7
||motosal.net^$popup,AVAILABILITY,origin.list,origin.list,2022-04-13 05:39:22.981471,b0beae7be6bf0f7aa3a532b7
||masteriklan.net^$third-party,AVAILABILITY,origin.list,origin.list,2022-04-13 05:39:24.624371,b0beae7be6bf0f7aa3a532b7
||mousheen.net^$third-party,AVAILABILITY,origin.list,origin.list,2022-04-13 05:39:33.071450,b0beae7be6bf0f7aa3a532b7
||naetoris.pw^$popup,AVAILABILITY,origin.list,origin.list,2022-04-13 05:39:38.079271,b0beae7be6bf0f7aa3a532b7
||newsupdatewe.info^$third-party,AVAILABILITY,origin.list,origin.list,2022-04-13 05:39:38.285838,b0beae7be6bf0f7aa3a532b7
"||octafx.com^$popup,third-party",AVAILABILITY,origin.list,origin.list,2022-04-13 05:39:40.868016,b0beae7be6bf0f7aa3a532b7
||olkrzytv.com^$popup,AVAILABILITY,origin.list,origin.list,2022-04-13 05:39:40.938816,b0beae7be6bf0f7aa3a532b7
"||offerjuice.me^$popup,third-party",AVAILABILITY,origin.list,origin.list,2022-04-13 05:39:51.351890,b0beae7be6bf0f7aa3a532b7
||ojeergoy.com^,AVAILABILITY,origin.list,origin.list,2022-04-13 05:39:51.728464,b0beae7be6bf0f7aa3a532b7
||ofphanpytor.com^$popup,AVAILABILITY,origin.list,origin.list,2022-04-13 05:39:52.399944,b0beae7be6bf0f7aa3a532b7
||olmsoneenh.info^$popup,AVAILABILITY,origin.list,origin.list,2022-04-13 05:39:54.224834,b0beae7be6bf0f7aa3a532b7
||openadserving.com^$third-party,AVAILABILITY,origin.list,origin.list,2022-04-13 05:39:54.546352,b0beae7be6bf0f7aa3a532b7
||padssup.com^$third-party,AVAILABILITY,origin.list,origin.list,2022-04-13 05:40:04.339348,b0beae7be6bf0f7aa3a532b7
||paidforfree.com^$third-party,AVAILABILITY,origin.list,origin.list,2022-04-13 05:40:08.249960,b0beae7be6bf0f7aa3a532b7
"||onclkds.com^$popup,third-party",AVAILABILITY,origin.list,origin.list,2022-04-13 05:40:08.705799,b0beae7be6bf0f7aa3a532b7
||olmsoneenh.info^$third-party,AVAILABILITY,origin.list,origin.list,2022-04-13 05:40:10.564055,b0beae7be6bf0f7aa3a532b7
||pasangiklan.com^$third-party,AVAILABILITY,origin.list,origin.list,2022-04-13 05:40:11.552397,b0beae7be6bf0f7aa3a532b7
||pasariklanbaris.com^$third-party,AVAILABILITY,origin.list,origin.list,2022-04-13 05:40:16.301242,b0beae7be6bf0f7aa3a532b7
||paypopup.com^$third-party,AVAILABILITY,origin.list,origin.list,2022-04-13 05:40:18.772834,b0beae7be6bf0f7aa3a532b7
||peevopoy.com^$third-party,AVAILABILITY,origin.list,origin.list,2022-04-13 05:40:21.700996,b0beae7be6bf0f7aa3a532b7
||pc3ads.com^$third-party,AVAILABILITY,origin.list,origin.list,2022-04-13 05:40:22.579187,b0beae7be6bf0f7aa3a532b7
||phastoag.com^$third-party,AVAILABILITY,origin.list,origin.list,2022-04-13 05:40:24.105937,b0beae7be6bf0f7aa3a532b7
||pondokiklan.com^$third-party,AVAILABILITY,origin.list,origin.list,2022-04-13 05:40:28.583427,b0beae7be6bf0f7aa3a532b7
||pheersie.com^$popup,AVAILABILITY,origin.list,origin.list,2022-04-13 05:40:34.450085,b0beae7be6bf0f7aa3a532b7
||props.id^$third-party,AVAILABILITY,origin.list,origin.list,2022-04-13 05:40:37.036017,b0beae7be6bf0f7aa3a532b7
"||popunderjs.club^$popup,third-party",AVAILABILITY,origin.list,origin.list,2022-04-13 05:40:37.715832,b0beae7be6bf0f7aa3a532b7
||phudrour.net^$popup,AVAILABILITY,origin.list,origin.list,2022-04-13 05:40:38.782782,b0beae7be6bf0f7aa3a532b7
||presbanise.pw^$third-party,AVAILABILITY,origin.list,origin.list,2022-04-13 05:40:41.366693,b0beae7be6bf0f7aa3a532b7
"||popclck.net^$popup,third-party",AVAILABILITY,origin.list,origin.list,2022-04-13 05:40:43.609840,b0beae7be6bf0f7aa3a532b7
||promobagus.com^$third-party,AVAILABILITY,origin.list,origin.list,2022-04-13 05:40:44.726913,b0beae7be6bf0f7aa3a532b7
||promotioncamp.com^$third-party,AVAILABILITY,origin.list,origin.list,2022-04-13 05:40:46.012335,b0beae7be6bf0f7aa3a532b7
||pusatiklan.com^$third-party,AVAILABILITY,origin.list,origin.list,2022-04-13 05:40:48.956731,b0beae7be6bf0f7aa3a532b7
||q1xyxm89.com^$popup,AVAILABILITY,origin.list,origin.list,2022-04-13 05:40:49.455900,b0beae7be6bf0f7aa3a532b7
||realwap.net^$third-party,AVAILABILITY,origin.list,origin.list,2022-04-13 05:40:53.513621,b0beae7be6bf0f7aa3a532b7
||publish.web.id^$third-party,AVAILABILITY,origin.list,origin.list,2022-04-13 05:40:53.972209,b0beae7be6bf0f7aa3a532b7
||pushqwer.com^$third-party,AVAILABILITY,origin.list,origin.list,2022-04-13 05:40:54.952535,b0beae7be6bf0f7aa3a532b7
"||replase.gq^$popup,third-party",AVAILABILITY,origin.list,origin.list,2022-04-13 05:41:02.451164,b0beae7be6bf0f7aa3a532b7
"||replase.ml^$popup,third-party",AVAILABILITY,origin.list,origin.list,2022-04-13 05:41:03.370741,b0beae7be6bf0f7aa3a532b7
||roojouma.com^$third-party,AVAILABILITY,origin.list,origin.list,2022-04-13 05:41:06.175193,b0beae7be6bf0f7aa3a532b7
||rufadses.net^$third-party,AVAILABILITY,origin.list,origin.list,2022-04-13 05:41:06.186029,b0beae7be6bf0f7aa3a532b7
||ridingintractable.com^$popup,AVAILABILITY,origin.list,origin.list,2022-04-13 05:41:06.209160,b0beae7be6bf0f7aa3a532b7
||sanglah.com^$third-party,AVAILABILITY,origin.list,origin.list,2022-04-13 05:41:11.451640,b0beae7be6bf0f7aa3a532b7
