idna_subject,checker_type,destination,source,tested_at
[adblock,AVAILABILITY,origin.list,/home/runner/work/indonesianadblockrules-validate-hosts_git_ABPindo/indonesianadblockrules-validate-hosts_git_ABPindo/origin.list,2021-01-13 20:39:16.938320
plus,AVAILABILITY,origin.list,/home/runner/work/indonesianadblockrules-validate-hosts_git_ABPindo/indonesianadblockrules-validate-hosts_git_ABPindo/origin.list,2021-01-13 20:39:20.719743
2.0],AVAILABILITY,origin.list,/home/runner/work/indonesianadblockrules-validate-hosts_git_ABPindo/indonesianadblockrules-validate-hosts_git_ABPindo/origin.list,2021-01-13 20:39:24.105817
!,AVAILABILITY,origin.list,/home/runner/work/indonesianadblockrules-validate-hosts_git_ABPindo/indonesianadblockrules-validate-hosts_git_ABPindo/origin.list,2021-01-13 20:39:27.394259
version:,AVAILABILITY,origin.list,/home/runner/work/indonesianadblockrules-validate-hosts_git_ABPindo/indonesianadblockrules-validate-hosts_git_ABPindo/origin.list,2021-01-13 20:39:30.659789
202005240921,AVAILABILITY,origin.list,/home/runner/work/indonesianadblockrules-validate-hosts_git_ABPindo/indonesianadblockrules-validate-hosts_git_ABPindo/origin.list,2021-01-13 20:39:34.409267
last,AVAILABILITY,origin.list,/home/runner/work/indonesianadblockrules-validate-hosts_git_ABPindo/indonesianadblockrules-validate-hosts_git_ABPindo/origin.list,2021-01-13 20:39:41.386387
modified:,AVAILABILITY,origin.list,/home/runner/work/indonesianadblockrules-validate-hosts_git_ABPindo/indonesianadblockrules-validate-hosts_git_ABPindo/origin.list,2021-01-13 20:39:44.670705
may,AVAILABILITY,origin.list,/home/runner/work/indonesianadblockrules-validate-hosts_git_ABPindo/indonesianadblockrules-validate-hosts_git_ABPindo/origin.list,2021-01-13 20:39:52.092865
09:21,AVAILABILITY,origin.list,/home/runner/work/indonesianadblockrules-validate-hosts_git_ABPindo/indonesianadblockrules-validate-hosts_git_ABPindo/origin.list,2021-01-13 20:39:59.073498
utc,AVAILABILITY,origin.list,/home/runner/work/indonesianadblockrules-validate-hosts_git_ABPindo/indonesianadblockrules-validate-hosts_git_ABPindo/origin.list,2021-01-13 20:40:02.821771
----------------------,AVAILABILITY,origin.list,/home/runner/work/indonesianadblockrules-validate-hosts_git_ABPindo/indonesianadblockrules-validate-hosts_git_ABPindo/origin.list,2021-01-13 20:40:09.364727
advert,AVAILABILITY,origin.list,/home/runner/work/indonesianadblockrules-validate-hosts_git_ABPindo/indonesianadblockrules-validate-hosts_git_ABPindo/origin.list,2021-01-13 20:40:13.101950
blocking,AVAILABILITY,origin.list,/home/runner/work/indonesianadblockrules-validate-hosts_git_ABPindo/indonesianadblockrules-validate-hosts_git_ABPindo/origin.list,2021-01-13 20:40:16.879817
filters,AVAILABILITY,origin.list,/home/runner/work/indonesianadblockrules-validate-hosts_git_ABPindo/indonesianadblockrules-validate-hosts_git_ABPindo/origin.list,2021-01-13 20:40:20.623726
----------------------!,AVAILABILITY,origin.list,/home/runner/work/indonesianadblockrules-validate-hosts_git_ABPindo/indonesianadblockrules-validate-hosts_git_ABPindo/origin.list,2021-01-13 20:40:23.896372
***,AVAILABILITY,origin.list,/home/runner/work/indonesianadblockrules-validate-hosts_git_ABPindo/indonesianadblockrules-validate-hosts_git_ABPindo/origin.list,2021-01-13 20:40:30.445963
abpindo:src/advert/adservers.txt,AVAILABILITY,origin.list,/home/runner/work/indonesianadblockrules-validate-hosts_git_ABPindo/indonesianadblockrules-validate-hosts_git_ABPindo/origin.list,2021-01-13 20:40:33.779720
"||05ee3a24ed11df058c8.com^$popup,third-party",AVAILABILITY,origin.list,/home/runner/work/indonesianadblockrules-validate-hosts_git_ABPindo/indonesianadblockrules-validate-hosts_git_ABPindo/origin.list,2021-01-13 20:40:37.168513
"||108.168.231.179^$popup,third-party",AVAILABILITY,origin.list,/home/runner/work/indonesianadblockrules-validate-hosts_git_ABPindo/indonesianadblockrules-validate-hosts_git_ABPindo/origin.list,2021-01-13 20:40:40.581284
||188affiliates.com^$third-party,AVAILABILITY,origin.list,/home/runner/work/indonesianadblockrules-validate-hosts_git_ABPindo/indonesianadblockrules-validate-hosts_git_ABPindo/origin.list,2021-01-13 20:40:43.944817
||2go7v1nes8.com^,AVAILABILITY,origin.list,/home/runner/work/indonesianadblockrules-validate-hosts_git_ABPindo/indonesianadblockrules-validate-hosts_git_ABPindo/origin.list,2021-01-13 20:40:47.337071
||34667c8ece5.com^,AVAILABILITY,origin.list,/home/runner/work/indonesianadblockrules-validate-hosts_git_ABPindo/indonesianadblockrules-validate-hosts_git_ABPindo/origin.list,2021-01-13 20:40:50.794377
||64p3am9x95ct.com^$popup,AVAILABILITY,origin.list,/home/runner/work/indonesianadblockrules-validate-hosts_git_ABPindo/indonesianadblockrules-validate-hosts_git_ABPindo/origin.list,2021-01-13 20:40:54.116619
||9eb10b7a3d04a.com^$popup,AVAILABILITY,origin.list,/home/runner/work/indonesianadblockrules-validate-hosts_git_ABPindo/indonesianadblockrules-validate-hosts_git_ABPindo/origin.list,2021-01-13 20:40:57.503539
||9icmzvn6.website^$popup,AVAILABILITY,origin.list,/home/runner/work/indonesianadblockrules-validate-hosts_git_ABPindo/indonesianadblockrules-validate-hosts_git_ABPindo/origin.list,2021-01-13 20:41:00.839222
||a.brand.ad^$third-party,AVAILABILITY,origin.list,/home/runner/work/indonesianadblockrules-validate-hosts_git_ABPindo/indonesianadblockrules-validate-hosts_git_ABPindo/origin.list,2021-01-13 20:41:04.136897
||a63t9o1azf.com^$popup,AVAILABILITY,origin.list,/home/runner/work/indonesianadblockrules-validate-hosts_git_ABPindo/indonesianadblockrules-validate-hosts_git_ABPindo/origin.list,2021-01-13 20:41:07.524703
"||abrts.pro^$popup,third-party",AVAILABILITY,origin.list,/home/runner/work/indonesianadblockrules-validate-hosts_git_ABPindo/indonesianadblockrules-validate-hosts_git_ABPindo/origin.list,2021-01-13 20:41:10.869431
||accesstrade.co.id^$third-party,AVAILABILITY,origin.list,/home/runner/work/indonesianadblockrules-validate-hosts_git_ABPindo/indonesianadblockrules-validate-hosts_git_ABPindo/origin.list,2021-01-13 20:41:14.249986
||adaranth.com^$third-party,AVAILABILITY,origin.list,/home/runner/work/indonesianadblockrules-validate-hosts_git_ABPindo/indonesianadblockrules-validate-hosts_git_ABPindo/origin.list,2021-01-13 20:41:17.564391
||adbsys.icu^$popup,AVAILABILITY,origin.list,/home/runner/work/indonesianadblockrules-validate-hosts_git_ABPindo/indonesianadblockrules-validate-hosts_git_ABPindo/origin.list,2021-01-13 20:41:20.890618
||addesigner.com^$third-party,AVAILABILITY,origin.list,/home/runner/work/indonesianadblockrules-validate-hosts_git_ABPindo/indonesianadblockrules-validate-hosts_git_ABPindo/origin.list,2021-01-13 20:41:24.269237
||adflazz.com^$third-party,AVAILABILITY,origin.list,/home/runner/work/indonesianadblockrules-validate-hosts_git_ABPindo/indonesianadblockrules-validate-hosts_git_ABPindo/origin.list,2021-01-13 20:41:27.691782
"||admarketplace.net^$popup,third-party",AVAILABILITY,origin.list,/home/runner/work/indonesianadblockrules-validate-hosts_git_ABPindo/indonesianadblockrules-validate-hosts_git_ABPindo/origin.list,2021-01-13 20:41:31.082239
||admp.io^$third-party,AVAILABILITY,origin.list,/home/runner/work/indonesianadblockrules-validate-hosts_git_ABPindo/indonesianadblockrules-validate-hosts_git_ABPindo/origin.list,2021-01-13 20:41:34.496298
"||adnety.com^$popup,third-party",AVAILABILITY,origin.list,/home/runner/work/indonesianadblockrules-validate-hosts_git_ABPindo/indonesianadblockrules-validate-hosts_git_ABPindo/origin.list,2021-01-13 20:41:37.858681
||adplus.co.id^$third-party,AVAILABILITY,origin.list,/home/runner/work/indonesianadblockrules-validate-hosts_git_ABPindo/indonesianadblockrules-validate-hosts_git_ABPindo/origin.list,2021-01-13 20:41:41.255075
||adpop-1.com^$third-party,AVAILABILITY,origin.list,/home/runner/work/indonesianadblockrules-validate-hosts_git_ABPindo/indonesianadblockrules-validate-hosts_git_ABPindo/origin.list,2021-01-13 20:41:44.622383
||adpstatic.com^$third-party,AVAILABILITY,origin.list,/home/runner/work/indonesianadblockrules-validate-hosts_git_ABPindo/indonesianadblockrules-validate-hosts_git_ABPindo/origin.list,2021-01-13 20:41:47.929746
||adreach.co^$third-party,AVAILABILITY,origin.list,/home/runner/work/indonesianadblockrules-validate-hosts_git_ABPindo/indonesianadblockrules-validate-hosts_git_ABPindo/origin.list,2021-01-13 20:41:51.241365
||adreviewcamp.com^$third-party,AVAILABILITY,origin.list,/home/runner/work/indonesianadblockrules-validate-hosts_git_ABPindo/indonesianadblockrules-validate-hosts_git_ABPindo/origin.list,2021-01-13 20:41:54.555610
||ads-link.net^$third-party,AVAILABILITY,origin.list,/home/runner/work/indonesianadblockrules-validate-hosts_git_ABPindo/indonesianadblockrules-validate-hosts_git_ABPindo/origin.list,2021-01-13 20:41:57.909914
||ads.indosatooredoo.com^$third-party,AVAILABILITY,origin.list,/home/runner/work/indonesianadblockrules-validate-hosts_git_ABPindo/indonesianadblockrules-validate-hosts_git_ABPindo/origin.list,2021-01-13 20:42:01.247722
||adsbingo.com^$third-party,AVAILABILITY,origin.list,/home/runner/work/indonesianadblockrules-validate-hosts_git_ABPindo/indonesianadblockrules-validate-hosts_git_ABPindo/origin.list,2021-01-13 20:42:04.580393
||adscpm.site^$third-party,AVAILABILITY,origin.list,/home/runner/work/indonesianadblockrules-validate-hosts_git_ABPindo/indonesianadblockrules-validate-hosts_git_ABPindo/origin.list,2021-01-13 20:42:07.894810
||adshost.site^$third-party,AVAILABILITY,origin.list,/home/runner/work/indonesianadblockrules-validate-hosts_git_ABPindo/indonesianadblockrules-validate-hosts_git_ABPindo/origin.list,2021-01-13 20:42:11.244102
||adskom.com^$third-party,AVAILABILITY,origin.list,/home/runner/work/indonesianadblockrules-validate-hosts_git_ABPindo/indonesianadblockrules-validate-hosts_git_ABPindo/origin.list,2021-01-13 20:42:14.566635
||adslop.com^$third-party,AVAILABILITY,origin.list,/home/runner/work/indonesianadblockrules-validate-hosts_git_ABPindo/indonesianadblockrules-validate-hosts_git_ABPindo/origin.list,2021-01-13 20:42:17.895874
||adtimeselaras.com^$popup,AVAILABILITY,origin.list,/home/runner/work/indonesianadblockrules-validate-hosts_git_ABPindo/indonesianadblockrules-validate-hosts_git_ABPindo/origin.list,2021-01-13 20:42:21.203265
||adtimeselaras.com^$third-party,AVAILABILITY,origin.list,/home/runner/work/indonesianadblockrules-validate-hosts_git_ABPindo/indonesianadblockrules-validate-hosts_git_ABPindo/origin.list,2021-01-13 20:42:24.518987
"||afbcashidr.com^$popup,third-party",AVAILABILITY,origin.list,/home/runner/work/indonesianadblockrules-validate-hosts_git_ABPindo/indonesianadblockrules-validate-hosts_git_ABPindo/origin.list,2021-01-13 20:42:27.852136
||ahcnxuepput.com^$popup,AVAILABILITY,origin.list,/home/runner/work/indonesianadblockrules-validate-hosts_git_ABPindo/indonesianadblockrules-validate-hosts_git_ABPindo/origin.list,2021-01-13 20:42:31.280259
||aj1052.online^$popup,AVAILABILITY,origin.list,/home/runner/work/indonesianadblockrules-validate-hosts_git_ABPindo/indonesianadblockrules-validate-hosts_git_ABPindo/origin.list,2021-01-13 20:42:34.624080
||ajangiklangratis.com^$third-party,AVAILABILITY,origin.list,/home/runner/work/indonesianadblockrules-validate-hosts_git_ABPindo/indonesianadblockrules-validate-hosts_git_ABPindo/origin.list,2021-01-13 20:42:37.942041
||alertpay.com^$third-party,AVAILABILITY,origin.list,/home/runner/work/indonesianadblockrules-validate-hosts_git_ABPindo/indonesianadblockrules-validate-hosts_git_ABPindo/origin.list,2021-01-13 20:42:41.274823
"||ampclicks.com^$popup,third-party",AVAILABILITY,origin.list,/home/runner/work/indonesianadblockrules-validate-hosts_git_ABPindo/indonesianadblockrules-validate-hosts_git_ABPindo/origin.list,2021-01-13 20:42:44.615923
||anekaiklan.com^$third-party,AVAILABILITY,origin.list,/home/runner/work/indonesianadblockrules-validate-hosts_git_ABPindo/indonesianadblockrules-validate-hosts_git_ABPindo/origin.list,2021-01-13 20:42:47.936569
||aopxnvrugx.com^$popup,AVAILABILITY,origin.list,/home/runner/work/indonesianadblockrules-validate-hosts_git_ABPindo/indonesianadblockrules-validate-hosts_git_ABPindo/origin.list,2021-01-13 20:42:51.333565
||auredzeon.com^$popup,AVAILABILITY,origin.list,/home/runner/work/indonesianadblockrules-validate-hosts_git_ABPindo/indonesianadblockrules-validate-hosts_git_ABPindo/origin.list,2021-01-13 20:42:54.660045
"||axzsd.pro^$popup,third-party",AVAILABILITY,origin.list,/home/runner/work/indonesianadblockrules-validate-hosts_git_ABPindo/indonesianadblockrules-validate-hosts_git_ABPindo/origin.list,2021-01-13 20:42:58.007409
"||azxsd.pro^$popup,third-party",AVAILABILITY,origin.list,/home/runner/work/indonesianadblockrules-validate-hosts_git_ABPindo/indonesianadblockrules-validate-hosts_git_ABPindo/origin.list,2021-01-13 20:43:01.413770
||badskies.com^$third-party,AVAILABILITY,origin.list,/home/runner/work/indonesianadblockrules-validate-hosts_git_ABPindo/indonesianadblockrules-validate-hosts_git_ABPindo/origin.list,2021-01-13 20:43:04.790815
||baliadv.com^$third-party,AVAILABILITY,origin.list,/home/runner/work/indonesianadblockrules-validate-hosts_git_ABPindo/indonesianadblockrules-validate-hosts_git_ABPindo/origin.list,2021-01-13 20:43:08.100893
||bcajjtbzmdrl.com^$popup,AVAILABILITY,origin.list,/home/runner/work/indonesianadblockrules-validate-hosts_git_ABPindo/indonesianadblockrules-validate-hosts_git_ABPindo/origin.list,2021-01-13 20:43:11.508925
||bellaads.com^$third-party,AVAILABILITY,origin.list,/home/runner/work/indonesianadblockrules-validate-hosts_git_ABPindo/indonesianadblockrules-validate-hosts_git_ABPindo/origin.list,2021-01-13 20:43:14.864778
||chidsimp.com^$third-party,AVAILABILITY,origin.list,/home/runner/work/indonesianadblockrules-validate-hosts_git_ABPindo/indonesianadblockrules-validate-hosts_git_ABPindo/origin.list,2021-01-13 20:43:18.222358
||chqspuonctkgz.com^$popup,AVAILABILITY,origin.list,/home/runner/work/indonesianadblockrules-validate-hosts_git_ABPindo/indonesianadblockrules-validate-hosts_git_ABPindo/origin.list,2021-01-13 20:43:21.547038
"||cjsab.com^$popup,third-party",AVAILABILITY,origin.list,/home/runner/work/indonesianadblockrules-validate-hosts_git_ABPindo/indonesianadblockrules-validate-hosts_git_ABPindo/origin.list,2021-01-13 20:43:24.875091
||click.eclk.club^$popup,AVAILABILITY,origin.list,/home/runner/work/indonesianadblockrules-validate-hosts_git_ABPindo/indonesianadblockrules-validate-hosts_git_ABPindo/origin.list,2021-01-13 20:43:28.205780
||clickmedia.co.id^$third-party,AVAILABILITY,origin.list,/home/runner/work/indonesianadblockrules-validate-hosts_git_ABPindo/indonesianadblockrules-validate-hosts_git_ABPindo/origin.list,2021-01-13 20:43:31.536396
||clicks.pipaffiliates.com^,AVAILABILITY,origin.list,/home/runner/work/indonesianadblockrules-validate-hosts_git_ABPindo/indonesianadblockrules-validate-hosts_git_ABPindo/origin.list,2021-01-13 20:43:34.851105
||craydark.pw^$third-party,AVAILABILITY,origin.list,/home/runner/work/indonesianadblockrules-validate-hosts_git_ABPindo/indonesianadblockrules-validate-hosts_git_ABPindo/origin.list,2021-01-13 20:43:38.185388
||d0p21g2fep.com^,AVAILABILITY,origin.list,/home/runner/work/indonesianadblockrules-validate-hosts_git_ABPindo/indonesianadblockrules-validate-hosts_git_ABPindo/origin.list,2021-01-13 20:43:41.561499
||d2405b0jymm2dk.cloudfront.net^,AVAILABILITY,origin.list,/home/runner/work/indonesianadblockrules-validate-hosts_git_ABPindo/indonesianadblockrules-validate-hosts_git_ABPindo/origin.list,2021-01-13 20:43:44.955140
||d24afgsm39csxt.cloudfront.net^,AVAILABILITY,origin.list,/home/runner/work/indonesianadblockrules-validate-hosts_git_ABPindo/indonesianadblockrules-validate-hosts_git_ABPindo/origin.list,2021-01-13 20:43:48.287323
||d2jn12r3o7an7z.cloudfront.net^,AVAILABILITY,origin.list,/home/runner/work/indonesianadblockrules-validate-hosts_git_ABPindo/indonesianadblockrules-validate-hosts_git_ABPindo/origin.list,2021-01-13 20:43:51.625668
||d3t5ngjixpjdho.cloudfront.net^,AVAILABILITY,origin.list,/home/runner/work/indonesianadblockrules-validate-hosts_git_ABPindo/indonesianadblockrules-validate-hosts_git_ABPindo/origin.list,2021-01-13 20:43:54.975142
||d72gb9oukw3j.com^$popup,AVAILABILITY,origin.list,/home/runner/work/indonesianadblockrules-validate-hosts_git_ABPindo/indonesianadblockrules-validate-hosts_git_ABPindo/origin.list,2021-01-13 20:43:58.464970
||daero.pw^$popup,AVAILABILITY,origin.list,/home/runner/work/indonesianadblockrules-validate-hosts_git_ABPindo/indonesianadblockrules-validate-hosts_git_ABPindo/origin.list,2021-01-13 20:44:01.797204
"||dafa.io^$popup,third-party",AVAILABILITY,origin.list,/home/runner/work/indonesianadblockrules-validate-hosts_git_ABPindo/indonesianadblockrules-validate-hosts_git_ABPindo/origin.list,2021-01-13 20:44:05.126102
||dairouzy.net^$popup,AVAILABILITY,origin.list,/home/runner/work/indonesianadblockrules-validate-hosts_git_ABPindo/indonesianadblockrules-validate-hosts_git_ABPindo/origin.list,2021-01-13 20:44:08.523246
||dalj98ktasppa.cloudfront.net^,AVAILABILITY,origin.list,/home/runner/work/indonesianadblockrules-validate-hosts_git_ABPindo/indonesianadblockrules-validate-hosts_git_ABPindo/origin.list,2021-01-13 20:44:11.889841
"||dearerfonder.info^$popup,third-party",AVAILABILITY,origin.list,/home/runner/work/indonesianadblockrules-validate-hosts_git_ABPindo/indonesianadblockrules-validate-hosts_git_ABPindo/origin.list,2021-01-13 20:44:15.282133
||dewsburg.info^$third-party,AVAILABILITY,origin.list,/home/runner/work/indonesianadblockrules-validate-hosts_git_ABPindo/indonesianadblockrules-validate-hosts_git_ABPindo/origin.list,2021-01-13 20:44:18.675500
||digiads.co.id^$popup,AVAILABILITY,origin.list,/home/runner/work/indonesianadblockrules-validate-hosts_git_ABPindo/indonesianadblockrules-validate-hosts_git_ABPindo/origin.list,2021-01-13 20:44:22.050598
||digiads.co.id^$third-party,AVAILABILITY,origin.list,/home/runner/work/indonesianadblockrules-validate-hosts_git_ABPindo/indonesianadblockrules-validate-hosts_git_ABPindo/origin.list,2021-01-13 20:44:25.428175
||doathair.com^$third-party,AVAILABILITY,origin.list,/home/runner/work/indonesianadblockrules-validate-hosts_git_ABPindo/indonesianadblockrules-validate-hosts_git_ABPindo/origin.list,2021-01-13 20:44:28.754619
||domnovrek.com^$third-party,AVAILABILITY,origin.list,/home/runner/work/indonesianadblockrules-validate-hosts_git_ABPindo/indonesianadblockrules-validate-hosts_git_ABPindo/origin.list,2021-01-13 20:44:32.055065
||drda5yf9kgz5p.cloudfront.net^,AVAILABILITY,origin.list,/home/runner/work/indonesianadblockrules-validate-hosts_git_ABPindo/indonesianadblockrules-validate-hosts_git_ABPindo/origin.list,2021-01-13 20:44:35.357395
||dzbx8qv1at614.cloudfront.net^,AVAILABILITY,origin.list,/home/runner/work/indonesianadblockrules-validate-hosts_git_ABPindo/indonesianadblockrules-validate-hosts_git_ABPindo/origin.list,2021-01-13 20:44:38.742759
||e7393e33565ce805.com^$popup,AVAILABILITY,origin.list,/home/runner/work/indonesianadblockrules-validate-hosts_git_ABPindo/indonesianadblockrules-validate-hosts_git_ABPindo/origin.list,2021-01-13 20:44:42.039648
||eclkmpbn.com^$third-party,AVAILABILITY,origin.list,/home/runner/work/indonesianadblockrules-validate-hosts_git_ABPindo/indonesianadblockrules-validate-hosts_git_ABPindo/origin.list,2021-01-13 20:44:45.368202
||eclkmpsa.com^$third-party,AVAILABILITY,origin.list,/home/runner/work/indonesianadblockrules-validate-hosts_git_ABPindo/indonesianadblockrules-validate-hosts_git_ABPindo/origin.list,2021-01-13 20:44:48.759758
||edomz.com^$third-party,AVAILABILITY,origin.list,/home/runner/work/indonesianadblockrules-validate-hosts_git_ABPindo/indonesianadblockrules-validate-hosts_git_ABPindo/origin.list,2021-01-13 20:44:52.124665
||elfirkelk.com^$script,AVAILABILITY,origin.list,/home/runner/work/indonesianadblockrules-validate-hosts_git_ABPindo/indonesianadblockrules-validate-hosts_git_ABPindo/origin.list,2021-01-13 20:44:55.541250
||epfcfhtjxqd.com^$popup,AVAILABILITY,origin.list,/home/runner/work/indonesianadblockrules-validate-hosts_git_ABPindo/indonesianadblockrules-validate-hosts_git_ABPindo/origin.list,2021-01-13 20:44:58.869133
||etoads.net^$popup,AVAILABILITY,origin.list,/home/runner/work/indonesianadblockrules-validate-hosts_git_ABPindo/indonesianadblockrules-validate-hosts_git_ABPindo/origin.list,2021-01-13 20:45:02.176016
||etoads.net^$third-party,AVAILABILITY,origin.list,/home/runner/work/indonesianadblockrules-validate-hosts_git_ABPindo/indonesianadblockrules-validate-hosts_git_ABPindo/origin.list,2021-01-13 20:45:05.513366
||flexterkita.com^$third-party,AVAILABILITY,origin.list,/home/runner/work/indonesianadblockrules-validate-hosts_git_ABPindo/indonesianadblockrules-validate-hosts_git_ABPindo/origin.list,2021-01-13 20:45:08.848211
||fnkyyrgraizy.com^$popup,AVAILABILITY,origin.list,/home/runner/work/indonesianadblockrules-validate-hosts_git_ABPindo/indonesianadblockrules-validate-hosts_git_ABPindo/origin.list,2021-01-13 20:45:12.254902
||frpiksdeygy.com^$popup,AVAILABILITY,origin.list,/home/runner/work/indonesianadblockrules-validate-hosts_git_ABPindo/indonesianadblockrules-validate-hosts_git_ABPindo/origin.list,2021-01-13 20:45:15.624804
||frpiksdeygy.com^$third-party,AVAILABILITY,origin.list,/home/runner/work/indonesianadblockrules-validate-hosts_git_ABPindo/indonesianadblockrules-validate-hosts_git_ABPindo/origin.list,2021-01-13 20:45:19.019283
||fryawlauk.com^$script,AVAILABILITY,origin.list,/home/runner/work/indonesianadblockrules-validate-hosts_git_ABPindo/indonesianadblockrules-validate-hosts_git_ABPindo/origin.list,2021-01-13 20:45:22.420609
||furocmay.com^$popup,AVAILABILITY,origin.list,/home/runner/work/indonesianadblockrules-validate-hosts_git_ABPindo/indonesianadblockrules-validate-hosts_git_ABPindo/origin.list,2021-01-13 20:45:25.753877
||groucign.com^$third-party,AVAILABILITY,origin.list,/home/runner/work/indonesianadblockrules-validate-hosts_git_ABPindo/indonesianadblockrules-validate-hosts_git_ABPindo/origin.list,2021-01-13 20:45:29.118854
||groupiklan.com^$third-party,AVAILABILITY,origin.list,/home/runner/work/indonesianadblockrules-validate-hosts_git_ABPindo/indonesianadblockrules-validate-hosts_git_ABPindo/origin.list,2021-01-13 20:45:32.423161
||grushashuka.pro^$popup,AVAILABILITY,origin.list,/home/runner/work/indonesianadblockrules-validate-hosts_git_ABPindo/indonesianadblockrules-validate-hosts_git_ABPindo/origin.list,2021-01-13 20:45:35.748533
||gudangbanner.com^$third-party,AVAILABILITY,origin.list,/home/runner/work/indonesianadblockrules-validate-hosts_git_ABPindo/indonesianadblockrules-validate-hosts_git_ABPindo/origin.list,2021-01-13 20:45:39.105041
||halal.ad^$third-party,AVAILABILITY,origin.list,/home/runner/work/indonesianadblockrules-validate-hosts_git_ABPindo/indonesianadblockrules-validate-hosts_git_ABPindo/origin.list,2021-01-13 20:45:42.423609
||hegarberetrof.pro^$popup,AVAILABILITY,origin.list,/home/runner/work/indonesianadblockrules-validate-hosts_git_ABPindo/indonesianadblockrules-validate-hosts_git_ABPindo/origin.list,2021-01-13 20:45:45.750260
||herdethi.net^$third-party,AVAILABILITY,origin.list,/home/runner/work/indonesianadblockrules-validate-hosts_git_ABPindo/indonesianadblockrules-validate-hosts_git_ABPindo/origin.list,2021-01-13 20:45:49.060265
||hitadsmedia.com^$third-party,AVAILABILITY,origin.list,/home/runner/work/indonesianadblockrules-validate-hosts_git_ABPindo/indonesianadblockrules-validate-hosts_git_ABPindo/origin.list,2021-01-13 20:45:53.327842
||hoegutvie.com^$popup,AVAILABILITY,origin.list,/home/runner/work/indonesianadblockrules-validate-hosts_git_ABPindo/indonesianadblockrules-validate-hosts_git_ABPindo/origin.list,2021-01-13 20:45:56.683556
||iklan-laris.com^$third-party,AVAILABILITY,origin.list,/home/runner/work/indonesianadblockrules-validate-hosts_git_ABPindo/indonesianadblockrules-validate-hosts_git_ABPindo/origin.list,2021-01-13 20:46:00.047570
||iklanads.com^$third-party,AVAILABILITY,origin.list,/home/runner/work/indonesianadblockrules-validate-hosts_git_ABPindo/indonesianadblockrules-validate-hosts_git_ABPindo/origin.list,2021-01-13 20:46:03.419314
||iklanbarisgratis.com^$third-party,AVAILABILITY,origin.list,/home/runner/work/indonesianadblockrules-validate-hosts_git_ABPindo/indonesianadblockrules-validate-hosts_git_ABPindo/origin.list,2021-01-13 20:46:06.746813
||iklanbarismu.com^$third-party,AVAILABILITY,origin.list,/home/runner/work/indonesianadblockrules-validate-hosts_git_ABPindo/indonesianadblockrules-validate-hosts_git_ABPindo/origin.list,2021-01-13 20:46:10.119963
||iklanblogger.com^$third-party,AVAILABILITY,origin.list,/home/runner/work/indonesianadblockrules-validate-hosts_git_ABPindo/indonesianadblockrules-validate-hosts_git_ABPindo/origin.list,2021-01-13 20:46:13.520554
||iklanbogor.com^$third-party,AVAILABILITY,origin.list,/home/runner/work/indonesianadblockrules-validate-hosts_git_ABPindo/indonesianadblockrules-validate-hosts_git_ABPindo/origin.list,2021-01-13 20:46:16.970426
||iklandenpasar.com^$third-party,AVAILABILITY,origin.list,/home/runner/work/indonesianadblockrules-validate-hosts_git_ABPindo/indonesianadblockrules-validate-hosts_git_ABPindo/origin.list,2021-01-13 20:46:20.294448
||iklangratis.com^$third-party,AVAILABILITY,origin.list,/home/runner/work/indonesianadblockrules-validate-hosts_git_ABPindo/indonesianadblockrules-validate-hosts_git_ABPindo/origin.list,2021-01-13 20:46:23.663596
||iklangratis88.com^$third-party,AVAILABILITY,origin.list,/home/runner/work/indonesianadblockrules-validate-hosts_git_ABPindo/indonesianadblockrules-validate-hosts_git_ABPindo/origin.list,2021-01-13 20:46:27.024100
||iklanhemat.com^$third-party,AVAILABILITY,origin.list,/home/runner/work/indonesianadblockrules-validate-hosts_git_ABPindo/indonesianadblockrules-validate-hosts_git_ABPindo/origin.list,2021-01-13 20:46:30.410279
||iklanhoki.com^$third-party,AVAILABILITY,origin.list,/home/runner/work/indonesianadblockrules-validate-hosts_git_ABPindo/indonesianadblockrules-validate-hosts_git_ABPindo/origin.list,2021-01-13 20:46:33.707685
||iklanoke.com^$third-party,AVAILABILITY,origin.list,/home/runner/work/indonesianadblockrules-validate-hosts_git_ABPindo/indonesianadblockrules-validate-hosts_git_ABPindo/origin.list,2021-01-13 20:46:37.038864
||iklantanpadaftar.com^$third-party,AVAILABILITY,origin.list,/home/runner/work/indonesianadblockrules-validate-hosts_git_ABPindo/indonesianadblockrules-validate-hosts_git_ABPindo/origin.list,2021-01-13 20:46:40.337195
||iklantelevisi.com^$third-party,AVAILABILITY,origin.list,/home/runner/work/indonesianadblockrules-validate-hosts_git_ABPindo/indonesianadblockrules-validate-hosts_git_ABPindo/origin.list,2021-01-13 20:46:43.728552
||iklantext.com^$third-party,AVAILABILITY,origin.list,/home/runner/work/indonesianadblockrules-validate-hosts_git_ABPindo/indonesianadblockrules-validate-hosts_git_ABPindo/origin.list,2021-01-13 20:46:47.045241
||iklantop.net^$third-party,AVAILABILITY,origin.list,/home/runner/work/indonesianadblockrules-validate-hosts_git_ABPindo/indonesianadblockrules-validate-hosts_git_ABPindo/origin.list,2021-01-13 20:46:50.373502
||iklanumum.com^$third-party,AVAILABILITY,origin.list,/home/runner/work/indonesianadblockrules-validate-hosts_git_ABPindo/indonesianadblockrules-validate-hosts_git_ABPindo/origin.list,2021-01-13 20:46:53.773343
||indobanner.com^$third-party,AVAILABILITY,origin.list,/home/runner/work/indonesianadblockrules-validate-hosts_git_ABPindo/indonesianadblockrules-validate-hosts_git_ABPindo/origin.list,2021-01-13 20:46:57.165410
||indofreeads.com^$third-party,AVAILABILITY,origin.list,/home/runner/work/indonesianadblockrules-validate-hosts_git_ABPindo/indonesianadblockrules-validate-hosts_git_ABPindo/origin.list,2021-01-13 20:47:00.510995
||indoleads.com^$third-party,AVAILABILITY,origin.list,/home/runner/work/indonesianadblockrules-validate-hosts_git_ABPindo/indonesianadblockrules-validate-hosts_git_ABPindo/origin.list,2021-01-13 20:47:03.847387
"||istana-impian.com^$popup,third-party",AVAILABILITY,origin.list,/home/runner/work/indonesianadblockrules-validate-hosts_git_ABPindo/indonesianadblockrules-validate-hosts_git_ABPindo/origin.list,2021-01-13 20:47:07.185423
"||istana-impian2.com^$popup,third-party",AVAILABILITY,origin.list,/home/runner/work/indonesianadblockrules-validate-hosts_git_ABPindo/indonesianadblockrules-validate-hosts_git_ABPindo/origin.list,2021-01-13 20:47:10.519898
||istanaiklan.com^$third-party,AVAILABILITY,origin.list,/home/runner/work/indonesianadblockrules-validate-hosts_git_ABPindo/indonesianadblockrules-validate-hosts_git_ABPindo/origin.list,2021-01-13 20:47:13.891978
"||istanaimpian1.com^$popup,third-party",AVAILABILITY,origin.list,/home/runner/work/indonesianadblockrules-validate-hosts_git_ABPindo/indonesianadblockrules-validate-hosts_git_ABPindo/origin.list,2021-01-13 20:47:17.304600
"||istanaimpian2.com^$popup,third-party",AVAILABILITY,origin.list,/home/runner/work/indonesianadblockrules-validate-hosts_git_ABPindo/indonesianadblockrules-validate-hosts_git_ABPindo/origin.list,2021-01-13 20:47:20.655012
"||istanaimpian3.com^$popup,third-party",AVAILABILITY,origin.list,/home/runner/work/indonesianadblockrules-validate-hosts_git_ABPindo/indonesianadblockrules-validate-hosts_git_ABPindo/origin.list,2021-01-13 20:47:24.065705
"||iupqelechcmj.com^$popup,third-party",AVAILABILITY,origin.list,/home/runner/work/indonesianadblockrules-validate-hosts_git_ABPindo/indonesianadblockrules-validate-hosts_git_ABPindo/origin.list,2021-01-13 20:47:27.454893
||jagoiklan.com^$third-party,AVAILABILITY,origin.list,/home/runner/work/indonesianadblockrules-validate-hosts_git_ABPindo/indonesianadblockrules-validate-hosts_git_ABPindo/origin.list,2021-01-13 20:47:30.772734
||jagopromo.com^$third-party,AVAILABILITY,origin.list,/home/runner/work/indonesianadblockrules-validate-hosts_git_ABPindo/indonesianadblockrules-validate-hosts_git_ABPindo/origin.list,2021-01-13 20:47:34.108883
||jasaiklan.com^$third-party,AVAILABILITY,origin.list,/home/runner/work/indonesianadblockrules-validate-hosts_git_ABPindo/indonesianadblockrules-validate-hosts_git_ABPindo/origin.list,2021-01-13 20:47:37.463662
||javaiklan.com^$third-party,AVAILABILITY,origin.list,/home/runner/work/indonesianadblockrules-validate-hosts_git_ABPindo/indonesianadblockrules-validate-hosts_git_ABPindo/origin.list,2021-01-13 20:47:40.834316
||jillsclickcorner.com^$third-party,AVAILABILITY,origin.list,/home/runner/work/indonesianadblockrules-validate-hosts_git_ABPindo/indonesianadblockrules-validate-hosts_git_ABPindo/origin.list,2021-01-13 20:47:44.274184
||juruiklan.com^$third-party,AVAILABILITY,origin.list,/home/runner/work/indonesianadblockrules-validate-hosts_git_ABPindo/indonesianadblockrules-validate-hosts_git_ABPindo/origin.list,2021-01-13 20:47:47.642327
||katurars.com^$popup,AVAILABILITY,origin.list,/home/runner/work/indonesianadblockrules-validate-hosts_git_ABPindo/indonesianadblockrules-validate-hosts_git_ABPindo/origin.list,2021-01-13 20:47:51.833877
||klikajadeh.com^$third-party,AVAILABILITY,origin.list,/home/runner/work/indonesianadblockrules-validate-hosts_git_ABPindo/indonesianadblockrules-validate-hosts_git_ABPindo/origin.list,2021-01-13 20:47:55.196441
||l9tdhe6.com^$popup,AVAILABILITY,origin.list,/home/runner/work/indonesianadblockrules-validate-hosts_git_ABPindo/indonesianadblockrules-validate-hosts_git_ABPindo/origin.list,2021-01-13 20:47:58.567963
||ld82ydd.com^$popup,AVAILABILITY,origin.list,/home/runner/work/indonesianadblockrules-validate-hosts_git_ABPindo/indonesianadblockrules-validate-hosts_git_ABPindo/origin.list,2021-01-13 20:48:01.882661
||leoceran.pw^$popup,AVAILABILITY,origin.list,/home/runner/work/indonesianadblockrules-validate-hosts_git_ABPindo/indonesianadblockrules-validate-hosts_git_ABPindo/origin.list,2021-01-13 20:48:05.289487
||lokeriklan.com^$third-party,AVAILABILITY,origin.list,/home/runner/work/indonesianadblockrules-validate-hosts_git_ABPindo/indonesianadblockrules-validate-hosts_git_ABPindo/origin.list,2021-01-13 20:48:08.634825
||lopzitpup.com^$script,AVAILABILITY,origin.list,/home/runner/work/indonesianadblockrules-validate-hosts_git_ABPindo/indonesianadblockrules-validate-hosts_git_ABPindo/origin.list,2021-01-13 20:48:11.954051
||lpaizureik.com^$popup,AVAILABILITY,origin.list,/home/runner/work/indonesianadblockrules-validate-hosts_git_ABPindo/indonesianadblockrules-validate-hosts_git_ABPindo/origin.list,2021-01-13 20:48:15.279810
||luven.xyz^$popup,AVAILABILITY,origin.list,/home/runner/work/indonesianadblockrules-validate-hosts_git_ABPindo/indonesianadblockrules-validate-hosts_git_ABPindo/origin.list,2021-01-13 20:48:18.585386
||luven.xyz^$third-party,AVAILABILITY,origin.list,/home/runner/work/indonesianadblockrules-validate-hosts_git_ABPindo/indonesianadblockrules-validate-hosts_git_ABPindo/origin.list,2021-01-13 20:48:21.935536
||masteriklan.net^$third-party,AVAILABILITY,origin.list,/home/runner/work/indonesianadblockrules-validate-hosts_git_ABPindo/indonesianadblockrules-validate-hosts_git_ABPindo/origin.list,2021-01-13 20:48:25.322176
"||mediab.uy^$popup,third-party",AVAILABILITY,origin.list,/home/runner/work/indonesianadblockrules-validate-hosts_git_ABPindo/indonesianadblockrules-validate-hosts_git_ABPindo/origin.list,2021-01-13 20:48:28.723672
||mesiniklan.andipublisher.com^$third-party,AVAILABILITY,origin.list,/home/runner/work/indonesianadblockrules-validate-hosts_git_ABPindo/indonesianadblockrules-validate-hosts_git_ABPindo/origin.list,2021-01-13 20:48:32.045946
||motosal.net^$popup,AVAILABILITY,origin.list,/home/runner/work/indonesianadblockrules-validate-hosts_git_ABPindo/indonesianadblockrules-validate-hosts_git_ABPindo/origin.list,2021-01-13 20:48:35.396789
||mousheen.net^$third-party,AVAILABILITY,origin.list,/home/runner/work/indonesianadblockrules-validate-hosts_git_ABPindo/indonesianadblockrules-validate-hosts_git_ABPindo/origin.list,2021-01-13 20:48:38.724934
||mybannermaker.com^$third-party,AVAILABILITY,origin.list,/home/runner/work/indonesianadblockrules-validate-hosts_git_ABPindo/indonesianadblockrules-validate-hosts_git_ABPindo/origin.list,2021-01-13 20:48:42.062972
||naetoris.pw^$popup,AVAILABILITY,origin.list,/home/runner/work/indonesianadblockrules-validate-hosts_git_ABPindo/indonesianadblockrules-validate-hosts_git_ABPindo/origin.list,2021-01-13 20:48:45.443818
||newsupdatewe.info^$third-party,AVAILABILITY,origin.list,/home/runner/work/indonesianadblockrules-validate-hosts_git_ABPindo/indonesianadblockrules-validate-hosts_git_ABPindo/origin.list,2021-01-13 20:48:48.819569
"||octafx.com^$popup,third-party",AVAILABILITY,origin.list,/home/runner/work/indonesianadblockrules-validate-hosts_git_ABPindo/indonesianadblockrules-validate-hosts_git_ABPindo/origin.list,2021-01-13 20:48:52.141999
"||offerjuice.me^$popup,third-party",AVAILABILITY,origin.list,/home/runner/work/indonesianadblockrules-validate-hosts_git_ABPindo/indonesianadblockrules-validate-hosts_git_ABPindo/origin.list,2021-01-13 20:48:55.502028
||ofphanpytor.com^$popup,AVAILABILITY,origin.list,/home/runner/work/indonesianadblockrules-validate-hosts_git_ABPindo/indonesianadblockrules-validate-hosts_git_ABPindo/origin.list,2021-01-13 20:48:58.865019
||ojeergoy.com^,AVAILABILITY,origin.list,/home/runner/work/indonesianadblockrules-validate-hosts_git_ABPindo/indonesianadblockrules-validate-hosts_git_ABPindo/origin.list,2021-01-13 20:49:02.207465
||olkrzytv.com^$popup,AVAILABILITY,origin.list,/home/runner/work/indonesianadblockrules-validate-hosts_git_ABPindo/indonesianadblockrules-validate-hosts_git_ABPindo/origin.list,2021-01-13 20:49:05.527658
||olmsoneenh.info^$popup,AVAILABILITY,origin.list,/home/runner/work/indonesianadblockrules-validate-hosts_git_ABPindo/indonesianadblockrules-validate-hosts_git_ABPindo/origin.list,2021-01-13 20:49:08.835858
||olmsoneenh.info^$third-party,AVAILABILITY,origin.list,/home/runner/work/indonesianadblockrules-validate-hosts_git_ABPindo/indonesianadblockrules-validate-hosts_git_ABPindo/origin.list,2021-01-13 20:49:12.162226
"||onclkds.com^$popup,third-party",AVAILABILITY,origin.list,/home/runner/work/indonesianadblockrules-validate-hosts_git_ABPindo/indonesianadblockrules-validate-hosts_git_ABPindo/origin.list,2021-01-13 20:49:15.538530
||openadserving.com^$third-party,AVAILABILITY,origin.list,/home/runner/work/indonesianadblockrules-validate-hosts_git_ABPindo/indonesianadblockrules-validate-hosts_git_ABPindo/origin.list,2021-01-13 20:49:18.870417
||padssup.com^$third-party,AVAILABILITY,origin.list,/home/runner/work/indonesianadblockrules-validate-hosts_git_ABPindo/indonesianadblockrules-validate-hosts_git_ABPindo/origin.list,2021-01-13 20:49:22.221112
||paidforfree.com^$third-party,AVAILABILITY,origin.list,/home/runner/work/indonesianadblockrules-validate-hosts_git_ABPindo/indonesianadblockrules-validate-hosts_git_ABPindo/origin.list,2021-01-13 20:49:25.513300
||pasangiklan.com^$third-party,AVAILABILITY,origin.list,/home/runner/work/indonesianadblockrules-validate-hosts_git_ABPindo/indonesianadblockrules-validate-hosts_git_ABPindo/origin.list,2021-01-13 20:49:28.908365
||pasariklanbaris.com^$third-party,AVAILABILITY,origin.list,/home/runner/work/indonesianadblockrules-validate-hosts_git_ABPindo/indonesianadblockrules-validate-hosts_git_ABPindo/origin.list,2021-01-13 20:49:32.304377
||paypopup.com^$third-party,AVAILABILITY,origin.list,/home/runner/work/indonesianadblockrules-validate-hosts_git_ABPindo/indonesianadblockrules-validate-hosts_git_ABPindo/origin.list,2021-01-13 20:49:35.627839
||pc3ads.com^$third-party,AVAILABILITY,origin.list,/home/runner/work/indonesianadblockrules-validate-hosts_git_ABPindo/indonesianadblockrules-validate-hosts_git_ABPindo/origin.list,2021-01-13 20:49:39.029194
||peevopoy.com^$third-party,AVAILABILITY,origin.list,/home/runner/work/indonesianadblockrules-validate-hosts_git_ABPindo/indonesianadblockrules-validate-hosts_git_ABPindo/origin.list,2021-01-13 20:49:42.375204
||phastoag.com^$third-party,AVAILABILITY,origin.list,/home/runner/work/indonesianadblockrules-validate-hosts_git_ABPindo/indonesianadblockrules-validate-hosts_git_ABPindo/origin.list,2021-01-13 20:49:45.693873
||pheersie.com^$popup,AVAILABILITY,origin.list,/home/runner/work/indonesianadblockrules-validate-hosts_git_ABPindo/indonesianadblockrules-validate-hosts_git_ABPindo/origin.list,2021-01-13 20:49:48.997187
||phudrour.net^$popup,AVAILABILITY,origin.list,/home/runner/work/indonesianadblockrules-validate-hosts_git_ABPindo/indonesianadblockrules-validate-hosts_git_ABPindo/origin.list,2021-01-13 20:49:52.321440
||pondokiklan.com^$third-party,AVAILABILITY,origin.list,/home/runner/work/indonesianadblockrules-validate-hosts_git_ABPindo/indonesianadblockrules-validate-hosts_git_ABPindo/origin.list,2021-01-13 20:49:55.677743
"||popclck.net^$popup,third-party",AVAILABILITY,origin.list,/home/runner/work/indonesianadblockrules-validate-hosts_git_ABPindo/indonesianadblockrules-validate-hosts_git_ABPindo/origin.list,2021-01-13 20:49:59.015342
"||popunderjs.club^$popup,third-party",AVAILABILITY,origin.list,/home/runner/work/indonesianadblockrules-validate-hosts_git_ABPindo/indonesianadblockrules-validate-hosts_git_ABPindo/origin.list,2021-01-13 20:50:02.315464
||presbanise.pw^$third-party,AVAILABILITY,origin.list,/home/runner/work/indonesianadblockrules-validate-hosts_git_ABPindo/indonesianadblockrules-validate-hosts_git_ABPindo/origin.list,2021-01-13 20:50:05.734345
||promobagus.com^$third-party,AVAILABILITY,origin.list,/home/runner/work/indonesianadblockrules-validate-hosts_git_ABPindo/indonesianadblockrules-validate-hosts_git_ABPindo/origin.list,2021-01-13 20:50:09.130692
||promotioncamp.com^$third-party,AVAILABILITY,origin.list,/home/runner/work/indonesianadblockrules-validate-hosts_git_ABPindo/indonesianadblockrules-validate-hosts_git_ABPindo/origin.list,2021-01-13 20:50:12.442486
||props.id^$third-party,AVAILABILITY,origin.list,/home/runner/work/indonesianadblockrules-validate-hosts_git_ABPindo/indonesianadblockrules-validate-hosts_git_ABPindo/origin.list,2021-01-13 20:50:15.778541
||publish.web.id^$third-party,AVAILABILITY,origin.list,/home/runner/work/indonesianadblockrules-validate-hosts_git_ABPindo/indonesianadblockrules-validate-hosts_git_ABPindo/origin.list,2021-01-13 20:50:19.097685
||pusatiklan.com^$third-party,AVAILABILITY,origin.list,/home/runner/work/indonesianadblockrules-validate-hosts_git_ABPindo/indonesianadblockrules-validate-hosts_git_ABPindo/origin.list,2021-01-13 20:50:22.408230
||pushqwer.com^$third-party,AVAILABILITY,origin.list,/home/runner/work/indonesianadblockrules-validate-hosts_git_ABPindo/indonesianadblockrules-validate-hosts_git_ABPindo/origin.list,2021-01-13 20:50:25.761627
||q1xyxm89.com^$popup,AVAILABILITY,origin.list,/home/runner/work/indonesianadblockrules-validate-hosts_git_ABPindo/indonesianadblockrules-validate-hosts_git_ABPindo/origin.list,2021-01-13 20:50:29.135501
||realwap.net^$third-party,AVAILABILITY,origin.list,/home/runner/work/indonesianadblockrules-validate-hosts_git_ABPindo/indonesianadblockrules-validate-hosts_git_ABPindo/origin.list,2021-01-13 20:50:32.437604
"||replase.gq^$popup,third-party",AVAILABILITY,origin.list,/home/runner/work/indonesianadblockrules-validate-hosts_git_ABPindo/indonesianadblockrules-validate-hosts_git_ABPindo/origin.list,2021-01-13 20:50:35.746256
"||replase.ml^$popup,third-party",AVAILABILITY,origin.list,/home/runner/work/indonesianadblockrules-validate-hosts_git_ABPindo/indonesianadblockrules-validate-hosts_git_ABPindo/origin.list,2021-01-13 20:50:39.161196
||ridingintractable.com^$popup,AVAILABILITY,origin.list,/home/runner/work/indonesianadblockrules-validate-hosts_git_ABPindo/indonesianadblockrules-validate-hosts_git_ABPindo/origin.list,2021-01-13 20:50:42.544985
||roojouma.com^$third-party,AVAILABILITY,origin.list,/home/runner/work/indonesianadblockrules-validate-hosts_git_ABPindo/indonesianadblockrules-validate-hosts_git_ABPindo/origin.list,2021-01-13 20:50:45.910173
||rufadses.net^$third-party,AVAILABILITY,origin.list,/home/runner/work/indonesianadblockrules-validate-hosts_git_ABPindo/indonesianadblockrules-validate-hosts_git_ABPindo/origin.list,2021-01-13 20:50:49.237865
||s2pops.club^$popup,AVAILABILITY,origin.list,/home/runner/work/indonesianadblockrules-validate-hosts_git_ABPindo/indonesianadblockrules-validate-hosts_git_ABPindo/origin.list,2021-01-13 20:50:52.610736
||sanglah.com^$third-party,AVAILABILITY,origin.list,/home/runner/work/indonesianadblockrules-validate-hosts_git_ABPindo/indonesianadblockrules-validate-hosts_git_ABPindo/origin.list,2021-01-13 20:50:55.940791
||sarapbeh.com^$third-party,AVAILABILITY,origin.list,/home/runner/work/indonesianadblockrules-validate-hosts_git_ABPindo/indonesianadblockrules-validate-hosts_git_ABPindo/origin.list,2021-01-13 20:50:59.312087
"||scriptall.ml^$popup,third-party",AVAILABILITY,origin.list,/home/runner/work/indonesianadblockrules-validate-hosts_git_ABPindo/indonesianadblockrules-validate-hosts_git_ABPindo/origin.list,2021-01-13 20:51:02.721521
||sebar.idblognetwork.com^$third-party,AVAILABILITY,origin.list,/home/runner/work/indonesianadblockrules-validate-hosts_git_ABPindo/indonesianadblockrules-validate-hosts_git_ABPindo/origin.list,2021-01-13 20:51:06.096426
"||see-work.info^$popup,third-party",AVAILABILITY,origin.list,/home/runner/work/indonesianadblockrules-validate-hosts_git_ABPindo/indonesianadblockrules-validate-hosts_git_ABPindo/origin.list,2021-01-13 20:51:09.466568
||sentrapromosi.com^$third-party,AVAILABILITY,origin.list,/home/runner/work/indonesianadblockrules-validate-hosts_git_ABPindo/indonesianadblockrules-validate-hosts_git_ABPindo/origin.list,2021-01-13 20:51:12.817263
||serbapromo.com^$third-party,AVAILABILITY,origin.list,/home/runner/work/indonesianadblockrules-validate-hosts_git_ABPindo/indonesianadblockrules-validate-hosts_git_ABPindo/origin.list,2021-01-13 20:51:16.142624
||shiiuojjccp.com^$popup,AVAILABILITY,origin.list,/home/runner/work/indonesianadblockrules-validate-hosts_git_ABPindo/indonesianadblockrules-validate-hosts_git_ABPindo/origin.list,2021-01-13 20:51:19.499760
"||shiokambing2.com^$popup,third-party",AVAILABILITY,origin.list,/home/runner/work/indonesianadblockrules-validate-hosts_git_ABPindo/indonesianadblockrules-validate-hosts_git_ABPindo/origin.list,2021-01-13 20:51:22.874556
||sitti.co.id^$third-party,AVAILABILITY,origin.list,/home/runner/work/indonesianadblockrules-validate-hosts_git_ABPindo/indonesianadblockrules-validate-hosts_git_ABPindo/origin.list,2021-01-13 20:51:26.208641
||situsiklanbaris.com^$third-party,AVAILABILITY,origin.list,/home/runner/work/indonesianadblockrules-validate-hosts_git_ABPindo/indonesianadblockrules-validate-hosts_git_ABPindo/origin.list,2021-01-13 20:51:29.617810
||sumberiklan.com^$third-party,AVAILABILITY,origin.list,/home/runner/work/indonesianadblockrules-validate-hosts_git_ABPindo/indonesianadblockrules-validate-hosts_git_ABPindo/origin.list,2021-01-13 20:51:32.940620
||suryaiklan.com^$third-party,AVAILABILITY,origin.list,/home/runner/work/indonesianadblockrules-validate-hosts_git_ABPindo/indonesianadblockrules-validate-hosts_git_ABPindo/origin.list,2021-01-13 20:51:36.293971
||syndopop.com^$popup,AVAILABILITY,origin.list,/home/runner/work/indonesianadblockrules-validate-hosts_git_ABPindo/indonesianadblockrules-validate-hosts_git_ABPindo/origin.list,2021-01-13 20:51:39.663439
||teliad.com^$third-party,AVAILABILITY,origin.list,/home/runner/work/indonesianadblockrules-validate-hosts_git_ABPindo/indonesianadblockrules-validate-hosts_git_ABPindo/origin.list,2021-01-13 20:51:43.005335
||theclickers.net^$third-party,AVAILABILITY,origin.list,/home/runner/work/indonesianadblockrules-validate-hosts_git_ABPindo/indonesianadblockrules-validate-hosts_git_ABPindo/origin.list,2021-01-13 20:51:46.364749
||thesandonesof.info^$third-party,AVAILABILITY,origin.list,/home/runner/work/indonesianadblockrules-validate-hosts_git_ABPindo/indonesianadblockrules-validate-hosts_git_ABPindo/origin.list,2021-01-13 20:51:49.768461
||tidnqztumpnk.com^$popup,AVAILABILITY,origin.list,/home/runner/work/indonesianadblockrules-validate-hosts_git_ABPindo/indonesianadblockrules-validate-hosts_git_ABPindo/origin.list,2021-01-13 20:51:53.099108
||tinfunshe.club^$script,AVAILABILITY,origin.list,/home/runner/work/indonesianadblockrules-validate-hosts_git_ABPindo/indonesianadblockrules-validate-hosts_git_ABPindo/origin.list,2021-01-13 20:51:56.470436
||tinggalklik.com^$third-party,AVAILABILITY,origin.list,/home/runner/work/indonesianadblockrules-validate-hosts_git_ABPindo/indonesianadblockrules-validate-hosts_git_ABPindo/origin.list,2021-01-13 20:51:59.795596
||topklik.com^$third-party,AVAILABILITY,origin.list,/home/runner/work/indonesianadblockrules-validate-hosts_git_ABPindo/indonesianadblockrules-validate-hosts_git_ABPindo/origin.list,2021-01-13 20:52:03.195065
||topsurfer.com^$third-party,AVAILABILITY,origin.list,/home/runner/work/indonesianadblockrules-validate-hosts_git_ABPindo/indonesianadblockrules-validate-hosts_git_ABPindo/origin.list,2021-01-13 20:52:06.571695
||trendlope.com^$popup,AVAILABILITY,origin.list,/home/runner/work/indonesianadblockrules-validate-hosts_git_ABPindo/indonesianadblockrules-validate-hosts_git_ABPindo/origin.list,2021-01-13 20:52:09.943962
||trendlope.com^$third-party,AVAILABILITY,origin.list,/home/runner/work/indonesianadblockrules-validate-hosts_git_ABPindo/indonesianadblockrules-validate-hosts_git_ABPindo/origin.list,2021-01-13 20:52:13.286746
||tsyndolls.com^$popup,AVAILABILITY,origin.list,/home/runner/work/indonesianadblockrules-validate-hosts_git_ABPindo/indonesianadblockrules-validate-hosts_git_ABPindo/origin.list,2021-01-13 20:52:16.669370
"||tummiarunzpf.com^$popup,third-party",AVAILABILITY,origin.list,/home/runner/work/indonesianadblockrules-validate-hosts_git_ABPindo/indonesianadblockrules-validate-hosts_git_ABPindo/origin.list,2021-01-13 20:52:20.051738
"||u-on.eu^$popup,third-party",AVAILABILITY,origin.list,/home/runner/work/indonesianadblockrules-validate-hosts_git_ABPindo/indonesianadblockrules-validate-hosts_git_ABPindo/origin.list,2021-01-13 20:52:23.392973
||uadexchange.com^$third-party,AVAILABILITY,origin.list,/home/runner/work/indonesianadblockrules-validate-hosts_git_ABPindo/indonesianadblockrules-validate-hosts_git_ABPindo/origin.list,2021-01-13 20:52:26.727392
"||uoarbhxfyygn.com^$popup,third-party",AVAILABILITY,origin.list,/home/runner/work/indonesianadblockrules-validate-hosts_git_ABPindo/indonesianadblockrules-validate-hosts_git_ABPindo/origin.list,2021-01-13 20:52:30.117524
||uofmnbkm.com^$popup,AVAILABILITY,origin.list,/home/runner/work/indonesianadblockrules-validate-hosts_git_ABPindo/indonesianadblockrules-validate-hosts_git_ABPindo/origin.list,2021-01-13 20:52:33.453865
||urt7bpvfz4am.com^$script,AVAILABILITY,origin.list,/home/runner/work/indonesianadblockrules-validate-hosts_git_ABPindo/indonesianadblockrules-validate-hosts_git_ABPindo/origin.list,2021-01-13 20:52:36.786983
||useads.com^$third-party,AVAILABILITY,origin.list,/home/runner/work/indonesianadblockrules-validate-hosts_git_ABPindo/indonesianadblockrules-validate-hosts_git_ABPindo/origin.list,2021-01-13 20:52:40.183496
||vidcpm.com^third-party,AVAILABILITY,origin.list,/home/runner/work/indonesianadblockrules-validate-hosts_git_ABPindo/indonesianadblockrules-validate-hosts_git_ABPindo/origin.list,2021-01-13 20:52:43.508832
"||vrewpywootyu.com^$popup,third-party",AVAILABILITY,origin.list,/home/runner/work/indonesianadblockrules-validate-hosts_git_ABPindo/indonesianadblockrules-validate-hosts_git_ABPindo/origin.list,2021-01-13 20:52:46.814606
||wbaogaqvrukprx.com^$popup,AVAILABILITY,origin.list,/home/runner/work/indonesianadblockrules-validate-hosts_git_ABPindo/indonesianadblockrules-validate-hosts_git_ABPindo/origin.list,2021-01-13 20:52:50.183260
||webiklan.com^$third-party,AVAILABILITY,origin.list,/home/runner/work/indonesianadblockrules-validate-hosts_git_ABPindo/indonesianadblockrules-validate-hosts_git_ABPindo/origin.list,2021-01-13 20:52:53.476709
||weblogiklan.com^$third-party,AVAILABILITY,origin.list,/home/runner/work/indonesianadblockrules-validate-hosts_git_ABPindo/indonesianadblockrules-validate-hosts_git_ABPindo/origin.list,2021-01-13 20:52:56.782606
"||whjibbprhng.com^$popup,third-party",AVAILABILITY,origin.list,/home/runner/work/indonesianadblockrules-validate-hosts_git_ABPindo/indonesianadblockrules-validate-hosts_git_ABPindo/origin.list,2021-01-13 20:53:00.138951
"||window-close.cf^$popup,third-party",AVAILABILITY,origin.list,/home/runner/work/indonesianadblockrules-validate-hosts_git_ABPindo/indonesianadblockrules-validate-hosts_git_ABPindo/origin.list,2021-01-13 20:53:03.461700
"||window-close.ga^$popup,third-party",AVAILABILITY,origin.list,/home/runner/work/indonesianadblockrules-validate-hosts_git_ABPindo/indonesianadblockrules-validate-hosts_git_ABPindo/origin.list,2021-01-13 20:53:06.841572
||wizliebeg.com^$script,AVAILABILITY,origin.list,/home/runner/work/indonesianadblockrules-validate-hosts_git_ABPindo/indonesianadblockrules-validate-hosts_git_ABPindo/origin.list,2021-01-13 20:53:10.146161
||www.iwtserve.com^$popup,AVAILABILITY,origin.list,/home/runner/work/indonesianadblockrules-validate-hosts_git_ABPindo/indonesianadblockrules-validate-hosts_git_ABPindo/origin.list,2021-01-13 20:53:13.546511
||www.olenation.org^$popup,AVAILABILITY,origin.list,/home/runner/work/indonesianadblockrules-validate-hosts_git_ABPindo/indonesianadblockrules-validate-hosts_git_ABPindo/origin.list,2021-01-13 20:53:16.887258
||yesads.com^$third-party,AVAILABILITY,origin.list,/home/runner/work/indonesianadblockrules-validate-hosts_git_ABPindo/indonesianadblockrules-validate-hosts_git_ABPindo/origin.list,2021-01-13 20:53:20.201838
||yhig.info^$third-party,AVAILABILITY,origin.list,/home/runner/work/indonesianadblockrules-validate-hosts_git_ABPindo/indonesianadblockrules-validate-hosts_git_ABPindo/origin.list,2021-01-13 20:53:23.635089
"||yllix.com^$popup,third-party",AVAILABILITY,origin.list,/home/runner/work/indonesianadblockrules-validate-hosts_git_ABPindo/indonesianadblockrules-validate-hosts_git_ABPindo/origin.list,2021-01-13 20:53:27.019305
||ys3e965d.top^$third-party,AVAILABILITY,origin.list,/home/runner/work/indonesianadblockrules-validate-hosts_git_ABPindo/indonesianadblockrules-validate-hosts_git_ABPindo/origin.list,2021-01-13 20:53:30.433301
||yx-ads6.com^$third-party,AVAILABILITY,origin.list,/home/runner/work/indonesianadblockrules-validate-hosts_git_ABPindo/indonesianadblockrules-validate-hosts_git_ABPindo/origin.list,2021-01-13 20:53:33.785735
||zukxd6fkxqn.com^$popup,AVAILABILITY,origin.list,/home/runner/work/indonesianadblockrules-validate-hosts_git_ABPindo/indonesianadblockrules-validate-hosts_git_ABPindo/origin.list,2021-01-13 20:53:37.108235
abpindo:src/advert/thirdparty.txt,AVAILABILITY,origin.list,/home/runner/work/indonesianadblockrules-validate-hosts_git_ABPindo/indonesianadblockrules-validate-hosts_git_ABPindo/origin.list,2021-01-13 20:53:47.002272
||c-stat.eu^$third-party,AVAILABILITY,origin.list,/home/runner/work/indonesianadblockrules-validate-hosts_git_ABPindo/indonesianadblockrules-validate-hosts_git_ABPindo/origin.list,2021-01-13 20:53:50.342455
||cfs1.uzone.id^$third-party,AVAILABILITY,origin.list,/home/runner/work/indonesianadblockrules-validate-hosts_git_ABPindo/indonesianadblockrules-validate-hosts_git_ABPindo/origin.list,2021-01-13 20:53:53.714679
||hesftig.site^$third-party,AVAILABILITY,origin.list,/home/runner/work/indonesianadblockrules-validate-hosts_git_ABPindo/indonesianadblockrules-validate-hosts_git_ABPindo/origin.list,2021-01-13 20:53:57.049649
"||ktrackdata.com^$popup,third-party",AVAILABILITY,origin.list,/home/runner/work/indonesianadblockrules-validate-hosts_git_ABPindo/indonesianadblockrules-validate-hosts_git_ABPindo/origin.list,2021-01-13 20:54:00.446911
||moneyfree.co^$third-party,AVAILABILITY,origin.list,/home/runner/work/indonesianadblockrules-validate-hosts_git_ABPindo/indonesianadblockrules-validate-hosts_git_ABPindo/origin.list,2021-01-13 20:54:03.814415
||track.aptitudemedia.co^$popup,AVAILABILITY,origin.list,/home/runner/work/indonesianadblockrules-validate-hosts_git_ABPindo/indonesianadblockrules-validate-hosts_git_ABPindo/origin.list,2021-01-13 20:54:07.161265
||track.spzan.com^$popup,AVAILABILITY,origin.list,/home/runner/work/indonesianadblockrules-validate-hosts_git_ABPindo/indonesianadblockrules-validate-hosts_git_ABPindo/origin.list,2021-01-13 20:54:10.534985
"||track.zerofriend.com^$popup,third-party",AVAILABILITY,origin.list,/home/runner/work/indonesianadblockrules-validate-hosts_git_ABPindo/indonesianadblockrules-validate-hosts_git_ABPindo/origin.list,2021-01-13 20:54:13.906571
||trackdan.com^$popup,AVAILABILITY,origin.list,/home/runner/work/indonesianadblockrules-validate-hosts_git_ABPindo/indonesianadblockrules-validate-hosts_git_ABPindo/origin.list,2021-01-13 20:54:17.233639
||tracker.beritagar.id^$third-party,AVAILABILITY,origin.list,/home/runner/work/indonesianadblockrules-validate-hosts_git_ABPindo/indonesianadblockrules-validate-hosts_git_ABPindo/origin.list,2021-01-13 20:54:20.582951
||tracker.lazada.co.id^$third-party,AVAILABILITY,origin.list,/home/runner/work/indonesianadblockrules-validate-hosts_git_ABPindo/indonesianadblockrules-validate-hosts_git_ABPindo/origin.list,2021-01-13 20:54:23.923943
||trackingclick.net^$popup,AVAILABILITY,origin.list,/home/runner/work/indonesianadblockrules-validate-hosts_git_ABPindo/indonesianadblockrules-validate-hosts_git_ABPindo/origin.list,2021-01-13 20:54:27.308828
||trackingclick.net^$third-party,AVAILABILITY,origin.list,/home/runner/work/indonesianadblockrules-validate-hosts_git_ABPindo/indonesianadblockrules-validate-hosts_git_ABPindo/origin.list,2021-01-13 20:54:30.642672
||traffic-monetizer.com^$third-party,AVAILABILITY,origin.list,/home/runner/work/indonesianadblockrules-validate-hosts_git_ABPindo/indonesianadblockrules-validate-hosts_git_ABPindo/origin.list,2021-01-13 20:54:33.976371
"||trafficfactory.biz^$popup,third-party",AVAILABILITY,origin.list,/home/runner/work/indonesianadblockrules-validate-hosts_git_ABPindo/indonesianadblockrules-validate-hosts_git_ABPindo/origin.list,2021-01-13 20:54:37.298241
"||trk.cpaoptimizer.com^$popup,third-party",AVAILABILITY,origin.list,/home/runner/work/indonesianadblockrules-validate-hosts_git_ABPindo/indonesianadblockrules-validate-hosts_git_ABPindo/origin.list,2021-01-13 20:54:40.697296
---------------------------,AVAILABILITY,origin.list,/home/runner/work/indonesianadblockrules-validate-hosts_git_ABPindo/indonesianadblockrules-validate-hosts_git_ABPindo/origin.list,2021-01-13 20:54:47.263021
annoyances,AVAILABILITY,origin.list,/home/runner/work/indonesianadblockrules-validate-hosts_git_ABPindo/indonesianadblockrules-validate-hosts_git_ABPindo/origin.list,2021-01-13 20:54:51.061226
------------------------------!,AVAILABILITY,origin.list,/home/runner/work/indonesianadblockrules-validate-hosts_git_ABPindo/indonesianadblockrules-validate-hosts_git_ABPindo/origin.list,2021-01-13 20:54:54.366633
abpindo:src/annoyances/annoyance_thirdparty.txt,AVAILABILITY,origin.list,/home/runner/work/indonesianadblockrules-validate-hosts_git_ABPindo/indonesianadblockrules-validate-hosts_git_ABPindo/origin.list,2021-01-13 20:55:04.213072
||24hpoker.com^$third-party,AVAILABILITY,origin.list,/home/runner/work/indonesianadblockrules-validate-hosts_git_ABPindo/indonesianadblockrules-validate-hosts_git_ABPindo/origin.list,2021-01-13 20:55:07.582043
||32redpoker.com^$third-party,AVAILABILITY,origin.list,/home/runner/work/indonesianadblockrules-validate-hosts_git_ABPindo/indonesianadblockrules-validate-hosts_git_ABPindo/origin.list,2021-01-13 20:55:11.020122
||3poker855.com^$third-party,AVAILABILITY,origin.list,/home/runner/work/indonesianadblockrules-validate-hosts_git_ABPindo/indonesianadblockrules-validate-hosts_git_ABPindo/origin.list,2021-01-13 20:55:14.401200
||88togel.com^$third-party,AVAILABILITY,origin.list,/home/runner/work/indonesianadblockrules-validate-hosts_git_ABPindo/indonesianadblockrules-validate-hosts_git_ABPindo/origin.list,2021-01-13 20:55:17.751626
"||99doyan.com^$popup,third-party",AVAILABILITY,origin.list,/home/runner/work/indonesianadblockrules-validate-hosts_git_ABPindo/indonesianadblockrules-validate-hosts_git_ABPindo/origin.list,2021-01-13 20:55:21.101550
||actionpoker.com^$third-party,AVAILABILITY,origin.list,/home/runner/work/indonesianadblockrules-validate-hosts_git_ABPindo/indonesianadblockrules-validate-hosts_git_ABPindo/origin.list,2021-01-13 20:55:24.442290
||afapoker.com^$popup,AVAILABILITY,origin.list,/home/runner/work/indonesianadblockrules-validate-hosts_git_ABPindo/indonesianadblockrules-validate-hosts_git_ABPindo/origin.list,2021-01-13 20:55:28.569204
||afapoker.com^$third-party,AVAILABILITY,origin.list,/home/runner/work/indonesianadblockrules-validate-hosts_git_ABPindo/indonesianadblockrules-validate-hosts_git_ABPindo/origin.list,2021-01-13 20:55:31.873568
||agenjudibolabet.com^$third-party,AVAILABILITY,origin.list,/home/runner/work/indonesianadblockrules-validate-hosts_git_ABPindo/indonesianadblockrules-validate-hosts_git_ABPindo/origin.list,2021-01-13 20:55:35.299200
||agenjudipoker.com^$third-party,AVAILABILITY,origin.list,/home/runner/work/indonesianadblockrules-validate-hosts_git_ABPindo/indonesianadblockrules-validate-hosts_git_ABPindo/origin.list,2021-01-13 20:55:38.648080
||agenjudiresmi.com^$third-party,AVAILABILITY,origin.list,/home/runner/work/indonesianadblockrules-validate-hosts_git_ABPindo/indonesianadblockrules-validate-hosts_git_ABPindo/origin.list,2021-01-13 20:55:42.031584
||agenjuditerbesar.com^$third-party,AVAILABILITY,origin.list,/home/runner/work/indonesianadblockrules-validate-hosts_git_ABPindo/indonesianadblockrules-validate-hosts_git_ABPindo/origin.list,2021-01-13 20:55:45.358435
||agenjuditerpecaya.com^$third-party,AVAILABILITY,origin.list,/home/runner/work/indonesianadblockrules-validate-hosts_git_ABPindo/indonesianadblockrules-validate-hosts_git_ABPindo/origin.list,2021-01-13 20:55:49.603495
||agenpasangtogel.com^$third-party,AVAILABILITY,origin.list,/home/runner/work/indonesianadblockrules-validate-hosts_git_ABPindo/indonesianadblockrules-validate-hosts_git_ABPindo/origin.list,2021-01-13 20:55:53.000043
||agentogel4d.com^$third-party,AVAILABILITY,origin.list,/home/runner/work/indonesianadblockrules-validate-hosts_git_ABPindo/indonesianadblockrules-validate-hosts_git_ABPindo/origin.list,2021-01-13 20:55:56.333091
||agentogelresmi.com^$third-party,AVAILABILITY,origin.list,/home/runner/work/indonesianadblockrules-validate-hosts_git_ABPindo/indonesianadblockrules-validate-hosts_git_ABPindo/origin.list,2021-01-13 20:55:59.660314
||allvegaspoker.com^$third-party,AVAILABILITY,origin.list,/home/runner/work/indonesianadblockrules-validate-hosts_git_ABPindo/indonesianadblockrules-validate-hosts_git_ABPindo/origin.list,2021-01-13 20:56:03.036666
||anaktogel.com^$popup,AVAILABILITY,origin.list,/home/runner/work/indonesianadblockrules-validate-hosts_git_ABPindo/indonesianadblockrules-validate-hosts_git_ABPindo/origin.list,2021-01-13 20:56:06.370842
||anekataruhan.com^$third-party,AVAILABILITY,origin.list,/home/runner/work/indonesianadblockrules-validate-hosts_git_ABPindo/indonesianadblockrules-validate-hosts_git_ABPindo/origin.list,2021-01-13 20:56:09.677105
||aosbobet.com^$popup,AVAILABILITY,origin.list,/home/runner/work/indonesianadblockrules-validate-hosts_git_ABPindo/indonesianadblockrules-validate-hosts_git_ABPindo/origin.list,2021-01-13 20:56:12.988004
||aosbobet.com^$third-party,AVAILABILITY,origin.list,/home/runner/work/indonesianadblockrules-validate-hosts_git_ABPindo/indonesianadblockrules-validate-hosts_git_ABPindo/origin.list,2021-01-13 20:56:16.307418
||areataruhan.com^$third-party,AVAILABILITY,origin.list,/home/runner/work/indonesianadblockrules-validate-hosts_git_ABPindo/indonesianadblockrules-validate-hosts_git_ABPindo/origin.list,2021-01-13 20:56:19.640001
||arenajudi.com^$third-party,AVAILABILITY,origin.list,/home/runner/work/indonesianadblockrules-validate-hosts_git_ABPindo/indonesianadblockrules-validate-hosts_git_ABPindo/origin.list,2021-01-13 20:56:22.981698
||asiapoker777.com^$third-party,AVAILABILITY,origin.list,/home/runner/work/indonesianadblockrules-validate-hosts_git_ABPindo/indonesianadblockrules-validate-hosts_git_ABPindo/origin.list,2021-01-13 20:56:26.317743
||astonwin.org^$popup,AVAILABILITY,origin.list,/home/runner/work/indonesianadblockrules-validate-hosts_git_ABPindo/indonesianadblockrules-validate-hosts_git_ABPindo/origin.list,2021-01-13 20:56:29.640005
||bandarbolataruhan.com^$third-party,AVAILABILITY,origin.list,/home/runner/work/indonesianadblockrules-validate-hosts_git_ABPindo/indonesianadblockrules-validate-hosts_git_ABPindo/origin.list,2021-01-13 20:56:32.986800
||bandarjuditogel.com^$third-party,AVAILABILITY,origin.list,/home/runner/work/indonesianadblockrules-validate-hosts_git_ABPindo/indonesianadblockrules-validate-hosts_git_ABPindo/origin.list,2021-01-13 20:56:36.327155
||bebasjudi.com^$popup,AVAILABILITY,origin.list,/home/runner/work/indonesianadblockrules-validate-hosts_git_ABPindo/indonesianadblockrules-validate-hosts_git_ABPindo/origin.list,2021-01-13 20:56:39.673347
||belitogel.com^$third-party,AVAILABILITY,origin.list,/home/runner/work/indonesianadblockrules-validate-hosts_git_ABPindo/indonesianadblockrules-validate-hosts_git_ABPindo/origin.list,2021-01-13 20:56:43.030762
||beritaagenjudi.com^$third-party,AVAILABILITY,origin.list,/home/runner/work/indonesianadblockrules-validate-hosts_git_ABPindo/indonesianadblockrules-validate-hosts_git_ABPindo/origin.list,2021-01-13 20:56:46.366452
||beritajudionline.com^$third-party,AVAILABILITY,origin.list,/home/runner/work/indonesianadblockrules-validate-hosts_git_ABPindo/indonesianadblockrules-validate-hosts_git_ABPindo/origin.list,2021-01-13 20:56:49.696843
||bermainjudibola.com^$third-party,AVAILABILITY,origin.list,/home/runner/work/indonesianadblockrules-validate-hosts_git_ABPindo/indonesianadblockrules-validate-hosts_git_ABPindo/origin.list,2021-01-13 20:56:53.021551
||bet4dtoto.com^$third-party,AVAILABILITY,origin.list,/home/runner/work/indonesianadblockrules-validate-hosts_git_ABPindo/indonesianadblockrules-validate-hosts_git_ABPindo/origin.list,2021-01-13 20:56:56.345314
||betjudionline.com^$third-party,AVAILABILITY,origin.list,/home/runner/work/indonesianadblockrules-validate-hosts_git_ABPindo/indonesianadblockrules-validate-hosts_git_ABPindo/origin.list,2021-01-13 20:56:59.699251
||biotogel.com^$third-party,AVAILABILITY,origin.list,/home/runner/work/indonesianadblockrules-validate-hosts_git_ABPindo/indonesianadblockrules-validate-hosts_git_ABPindo/origin.list,2021-01-13 20:57:03.025578
||blindbetpoker.com^$third-party,AVAILABILITY,origin.list,/home/runner/work/indonesianadblockrules-validate-hosts_git_ABPindo/indonesianadblockrules-validate-hosts_git_ABPindo/origin.list,2021-01-13 20:57:06.368686
||blogjudi.com^$third-party,AVAILABILITY,origin.list,/home/runner/work/indonesianadblockrules-validate-hosts_git_ABPindo/indonesianadblockrules-validate-hosts_git_ABPindo/origin.list,2021-01-13 20:57:09.746839
||bolajudicasino.com^$third-party,AVAILABILITY,origin.list,/home/runner/work/indonesianadblockrules-validate-hosts_git_ABPindo/indonesianadblockrules-validate-hosts_git_ABPindo/origin.list,2021-01-13 20:57:13.117894
||bukutogel.com^$third-party,AVAILABILITY,origin.list,/home/runner/work/indonesianadblockrules-validate-hosts_git_ABPindo/indonesianadblockrules-validate-hosts_git_ABPindo/origin.list,2021-01-13 20:57:16.447820
||bursajudibola.com^$third-party,AVAILABILITY,origin.list,/home/runner/work/indonesianadblockrules-validate-hosts_git_ABPindo/indonesianadblockrules-validate-hosts_git_ABPindo/origin.list,2021-01-13 20:57:19.820235
||carajudionline.com^$third-party,AVAILABILITY,origin.list,/home/runner/work/indonesianadblockrules-validate-hosts_git_ABPindo/indonesianadblockrules-validate-hosts_git_ABPindo/origin.list,2021-01-13 20:57:23.198888
||caramainjudibola.com^$third-party,AVAILABILITY,origin.list,/home/runner/work/indonesianadblockrules-validate-hosts_git_ABPindo/indonesianadblockrules-validate-hosts_git_ABPindo/origin.list,2021-01-13 20:57:26.564850
||caramenangjudibola.com^$third-party,AVAILABILITY,origin.list,/home/runner/work/indonesianadblockrules-validate-hosts_git_ABPindo/indonesianadblockrules-validate-hosts_git_ABPindo/origin.list,2021-01-13 20:57:29.911985
||caramenangtogel.com^$third-party,AVAILABILITY,origin.list,/home/runner/work/indonesianadblockrules-validate-hosts_git_ABPindo/indonesianadblockrules-validate-hosts_git_ABPindo/origin.list,2021-01-13 20:57:33.317957
||casinoclubpoker.com^$third-party,AVAILABILITY,origin.list,/home/runner/work/indonesianadblockrules-validate-hosts_git_ABPindo/indonesianadblockrules-validate-hosts_git_ABPindo/origin.list,2021-01-13 20:57:36.689490
||casinopokercoin.com^$third-party,AVAILABILITY,origin.list,/home/runner/work/indonesianadblockrules-validate-hosts_git_ABPindo/indonesianadblockrules-validate-hosts_git_ABPindo/origin.list,2021-01-13 20:57:40.031268
||cdpoker.com^$third-party,AVAILABILITY,origin.list,/home/runner/work/indonesianadblockrules-validate-hosts_git_ABPindo/indonesianadblockrules-validate-hosts_git_ABPindo/origin.list,2021-01-13 20:57:43.436290
||celebpoker.com^$third-party,AVAILABILITY,origin.list,/home/runner/work/indonesianadblockrules-validate-hosts_git_ABPindo/indonesianadblockrules-validate-hosts_git_ABPindo/origin.list,2021-01-13 20:57:46.746410
||chilipoker.com^$third-party,AVAILABILITY,origin.list,/home/runner/work/indonesianadblockrules-validate-hosts_git_ABPindo/indonesianadblockrules-validate-hosts_git_ABPindo/origin.list,2021-01-13 20:57:50.108318
||clickadu.com^$popup,AVAILABILITY,origin.list,/home/runner/work/indonesianadblockrules-validate-hosts_git_ABPindo/indonesianadblockrules-validate-hosts_git_ABPindo/origin.list,2021-01-13 20:57:53.495574
||clickadu.com^$third-party,AVAILABILITY,origin.list,/home/runner/work/indonesianadblockrules-validate-hosts_git_ABPindo/indonesianadblockrules-validate-hosts_git_ABPindo/origin.list,2021-01-13 20:57:56.845092
||coltpoker.com^$third-party,AVAILABILITY,origin.list,/home/runner/work/indonesianadblockrules-validate-hosts_git_ABPindo/indonesianadblockrules-validate-hosts_git_ABPindo/origin.list,2021-01-13 20:58:00.166023
||coolhandpoker.com^$third-party,AVAILABILITY,origin.list,/home/runner/work/indonesianadblockrules-validate-hosts_git_ABPindo/indonesianadblockrules-validate-hosts_git_ABPindo/origin.list,2021-01-13 20:58:03.544566
||cyberjudi.com^$third-party,AVAILABILITY,origin.list,/home/runner/work/indonesianadblockrules-validate-hosts_git_ABPindo/indonesianadblockrules-validate-hosts_git_ABPindo/origin.list,2021-01-13 20:58:06.856938
||dafapoker.com^$third-party,AVAILABILITY,origin.list,/home/runner/work/indonesianadblockrules-validate-hosts_git_ABPindo/indonesianadblockrules-validate-hosts_git_ABPindo/origin.list,2021-01-13 20:58:10.232750
||daftarjudibola.com^$third-party,AVAILABILITY,origin.list,/home/runner/work/indonesianadblockrules-validate-hosts_git_ABPindo/indonesianadblockrules-validate-hosts_git_ABPindo/origin.list,2021-01-13 20:58:13.577171
||daftarjudicasino.com^$third-party,AVAILABILITY,origin.list,/home/runner/work/indonesianadblockrules-validate-hosts_git_ABPindo/indonesianadblockrules-validate-hosts_git_ABPindo/origin.list,2021-01-13 20:58:16.913419
||daftarpokeronline.com^$third-party,AVAILABILITY,origin.list,/home/runner/work/indonesianadblockrules-validate-hosts_git_ABPindo/indonesianadblockrules-validate-hosts_git_ABPindo/origin.list,2021-01-13 20:58:20.268678
||daftartaruhan.com^$third-party,AVAILABILITY,origin.list,/home/runner/work/indonesianadblockrules-validate-hosts_git_ABPindo/indonesianadblockrules-validate-hosts_git_ABPindo/origin.list,2021-01-13 20:58:23.568985
||daspoker.com^$third-party,AVAILABILITY,origin.list,/home/runner/work/indonesianadblockrules-validate-hosts_git_ABPindo/indonesianadblockrules-validate-hosts_git_ABPindo/origin.list,2021-01-13 20:58:26.934748
||delapantogel.com^$third-party,AVAILABILITY,origin.list,/home/runner/work/indonesianadblockrules-validate-hosts_git_ABPindo/indonesianadblockrules-validate-hosts_git_ABPindo/origin.list,2021-01-13 20:58:30.266408
||deltatoto.com^$third-party,AVAILABILITY,origin.list,/home/runner/work/indonesianadblockrules-validate-hosts_git_ABPindo/indonesianadblockrules-validate-hosts_git_ABPindo/origin.list,2021-01-13 20:58:33.650150
||dewajudibet.com^$third-party,AVAILABILITY,origin.list,/home/runner/work/indonesianadblockrules-validate-hosts_git_ABPindo/indonesianadblockrules-validate-hosts_git_ABPindo/origin.list,2021-01-13 20:58:36.999576
||dewajudionline.com^$third-party,AVAILABILITY,origin.list,/home/runner/work/indonesianadblockrules-validate-hosts_git_ABPindo/indonesianadblockrules-validate-hosts_git_ABPindo/origin.list,2021-01-13 20:58:40.324419
||dewijudi.com^$third-party,AVAILABILITY,origin.list,/home/runner/work/indonesianadblockrules-validate-hosts_git_ABPindo/indonesianadblockrules-validate-hosts_git_ABPindo/origin.list,2021-01-13 20:58:43.686220
||dewitogel.com^$third-party,AVAILABILITY,origin.list,/home/runner/work/indonesianadblockrules-validate-hosts_git_ABPindo/indonesianadblockrules-validate-hosts_git_ABPindo/origin.list,2021-01-13 20:58:47.061205
||dutatoto.com^$third-party,AVAILABILITY,origin.list,/home/runner/work/indonesianadblockrules-validate-hosts_git_ABPindo/indonesianadblockrules-validate-hosts_git_ABPindo/origin.list,2021-01-13 20:58:50.447310
||europoker.com^$third-party,AVAILABILITY,origin.list,/home/runner/work/indonesianadblockrules-validate-hosts_git_ABPindo/indonesianadblockrules-validate-hosts_git_ABPindo/origin.list,2021-01-13 20:58:53.774042
||everypoker.com^$third-party,AVAILABILITY,origin.list,/home/runner/work/indonesianadblockrules-validate-hosts_git_ABPindo/indonesianadblockrules-validate-hosts_git_ABPindo/origin.list,2021-01-13 20:58:57.172835
||feltpoker.com^$third-party,AVAILABILITY,origin.list,/home/runner/work/indonesianadblockrules-validate-hosts_git_ABPindo/indonesianadblockrules-validate-hosts_git_ABPindo/origin.list,2021-01-13 20:59:00.509860
||gentingpoker.com^$third-party,AVAILABILITY,origin.list,/home/runner/work/indonesianadblockrules-validate-hosts_git_ABPindo/indonesianadblockrules-validate-hosts_git_ABPindo/origin.list,2021-01-13 20:59:03.889057
||goldentigerpoker.com^$third-party,AVAILABILITY,origin.list,/home/runner/work/indonesianadblockrules-validate-hosts_git_ABPindo/indonesianadblockrules-validate-hosts_git_ABPindo/origin.list,2021-01-13 20:59:07.262006
||goldentoto.com^$third-party,AVAILABILITY,origin.list,/home/runner/work/indonesianadblockrules-validate-hosts_git_ABPindo/indonesianadblockrules-validate-hosts_git_ABPindo/origin.list,2021-01-13 20:59:10.679842
||goldtoto.com^$third-party,AVAILABILITY,origin.list,/home/runner/work/indonesianadblockrules-validate-hosts_git_ABPindo/indonesianadblockrules-validate-hosts_git_ABPindo/origin.list,2021-01-13 20:59:14.040867
||hasiltogel.club^$popup,AVAILABILITY,origin.list,/home/runner/work/indonesianadblockrules-validate-hosts_git_ABPindo/indonesianadblockrules-validate-hosts_git_ABPindo/origin.list,2021-01-14 01:48:14.157708
||heypoker.com^$third-party,AVAILABILITY,origin.list,/home/runner/work/indonesianadblockrules-validate-hosts_git_ABPindo/indonesianadblockrules-validate-hosts_git_ABPindo/origin.list,2021-01-14 01:48:17.526593
||hjtowin.online^$popup,AVAILABILITY,origin.list,/home/runner/work/indonesianadblockrules-validate-hosts_git_ABPindo/indonesianadblockrules-validate-hosts_git_ABPindo/origin.list,2021-01-14 01:48:20.924614
||hjtowin.online^$third-party,AVAILABILITY,origin.list,/home/runner/work/indonesianadblockrules-validate-hosts_git_ABPindo/indonesianadblockrules-validate-hosts_git_ABPindo/origin.list,2021-01-14 01:48:24.232520
||hokijudi99.com^$third-party,AVAILABILITY,origin.list,/home/runner/work/indonesianadblockrules-validate-hosts_git_ABPindo/indonesianadblockrules-validate-hosts_git_ABPindo/origin.list,2021-01-14 01:48:27.576949
||hokitogel.com^$third-party,AVAILABILITY,origin.list,/home/runner/work/indonesianadblockrules-validate-hosts_git_ABPindo/indonesianadblockrules-validate-hosts_git_ABPindo/origin.list,2021-01-14 01:48:30.909273
||holdempokerchat.com^$third-party,AVAILABILITY,origin.list,/home/runner/work/indonesianadblockrules-validate-hosts_git_ABPindo/indonesianadblockrules-validate-hosts_git_ABPindo/origin.list,2021-01-14 01:48:34.273079
||homepokergames.com^$third-party,AVAILABILITY,origin.list,/home/runner/work/indonesianadblockrules-validate-hosts_git_ABPindo/indonesianadblockrules-validate-hosts_git_ABPindo/origin.list,2021-01-14 01:48:37.614858
||hotpokerbonus.com^$third-party,AVAILABILITY,origin.list,/home/runner/work/indonesianadblockrules-validate-hosts_git_ABPindo/indonesianadblockrules-validate-hosts_git_ABPindo/origin.list,2021-01-14 01:48:41.008056
||houseoftoto.com^$third-party,AVAILABILITY,origin.list,/home/runner/work/indonesianadblockrules-validate-hosts_git_ABPindo/indonesianadblockrules-validate-hosts_git_ABPindo/origin.list,2021-01-14 01:48:44.347982
||infotogelharian.com^$third-party,AVAILABILITY,origin.list,/home/runner/work/indonesianadblockrules-validate-hosts_git_ABPindo/indonesianadblockrules-validate-hosts_git_ABPindo/origin.list,2021-01-14 01:48:47.742017
||inipoker.com^$third-party,AVAILABILITY,origin.list,/home/runner/work/indonesianadblockrules-validate-hosts_git_ABPindo/indonesianadblockrules-validate-hosts_git_ABPindo/origin.list,2021-01-14 01:48:51.053915
||ipoker.com^$third-party,AVAILABILITY,origin.list,/home/runner/work/indonesianadblockrules-validate-hosts_git_ABPindo/indonesianadblockrules-validate-hosts_git_ABPindo/origin.list,2021-01-18 17:21:39.163177
||jagopoker.com^$third-party,AVAILABILITY,origin.list,/home/runner/work/indonesianadblockrules-validate-hosts_git_ABPindo/indonesianadblockrules-validate-hosts_git_ABPindo/origin.list,2021-01-18 17:21:42.630869
||jayapoker.com^$third-party,AVAILABILITY,origin.list,/home/runner/work/indonesianadblockrules-validate-hosts_git_ABPindo/indonesianadblockrules-validate-hosts_git_ABPindo/origin.list,2021-01-18 17:21:45.970385
||jdpoker.com^$third-party,AVAILABILITY,origin.list,/home/runner/work/indonesianadblockrules-validate-hosts_git_ABPindo/indonesianadblockrules-validate-hosts_git_ABPindo/origin.list,2021-01-18 17:21:49.273315
||jtogel.com^$third-party,AVAILABILITY,origin.list,/home/runner/work/indonesianadblockrules-validate-hosts_git_ABPindo/indonesianadblockrules-validate-hosts_git_ABPindo/origin.list,2021-01-18 17:21:52.595560
||judiagenonline.com^$third-party,AVAILABILITY,origin.list,/home/runner/work/indonesianadblockrules-validate-hosts_git_ABPindo/indonesianadblockrules-validate-hosts_git_ABPindo/origin.list,2021-01-18 17:21:55.920970
||judibebas.com^$third-party,AVAILABILITY,origin.list,/home/runner/work/indonesianadblockrules-validate-hosts_git_ABPindo/indonesianadblockrules-validate-hosts_git_ABPindo/origin.list,2021-01-18 17:21:59.337100
||judibola.com^$third-party,AVAILABILITY,origin.list,/home/runner/work/indonesianadblockrules-validate-hosts_git_ABPindo/indonesianadblockrules-validate-hosts_git_ABPindo/origin.list,2021-01-20 21:24:20.658172
||judibolacasino.com^$third-party,AVAILABILITY,origin.list,/home/runner/work/indonesianadblockrules-validate-hosts_git_ABPindo/indonesianadblockrules-validate-hosts_git_ABPindo/origin.list,2021-01-20 21:24:23.976072
||judiboladunia.com^$third-party,AVAILABILITY,origin.list,/home/runner/work/indonesianadblockrules-validate-hosts_git_ABPindo/indonesianadblockrules-validate-hosts_git_ABPindo/origin.list,2021-01-20 21:24:27.296465
||judibolaterbesar.com^$third-party,AVAILABILITY,origin.list,/home/runner/work/indonesianadblockrules-validate-hosts_git_ABPindo/indonesianadblockrules-validate-hosts_git_ABPindo/origin.list,2021-01-20 21:24:30.644353
||judiinternet.com^$third-party,AVAILABILITY,origin.list,/home/runner/work/indonesianadblockrules-validate-hosts_git_ABPindo/indonesianadblockrules-validate-hosts_git_ABPindo/origin.list,2021-01-20 21:45:05.386906
||judionline1388.com^$third-party,AVAILABILITY,origin.list,/home/runner/work/indonesianadblockrules-validate-hosts_git_ABPindo/indonesianadblockrules-validate-hosts_git_ABPindo/origin.list,2021-01-20 21:45:08.738607
||judionlinebet.com^$third-party,AVAILABILITY,origin.list,/home/runner/work/indonesianadblockrules-validate-hosts_git_ABPindo/indonesianadblockrules-validate-hosts_git_ABPindo/origin.list,2021-01-20 21:45:12.135309
||judionlinepoker.com^$third-party,AVAILABILITY,origin.list,/home/runner/work/indonesianadblockrules-validate-hosts_git_ABPindo/indonesianadblockrules-validate-hosts_git_ABPindo/origin.list,2021-01-20 21:45:15.517239
||k7poker.com^$third-party,AVAILABILITY,origin.list,/home/runner/work/indonesianadblockrules-validate-hosts_git_ABPindo/indonesianadblockrules-validate-hosts_git_ABPindo/origin.list,2021-01-20 22:05:49.548228
||kedaijudi.com^$third-party,AVAILABILITY,origin.list,/home/runner/work/indonesianadblockrules-validate-hosts_git_ABPindo/indonesianadblockrules-validate-hosts_git_ABPindo/origin.list,2021-01-20 22:05:52.885299
||kingtogel.com^$third-party,AVAILABILITY,origin.list,/home/runner/work/indonesianadblockrules-validate-hosts_git_ABPindo/indonesianadblockrules-validate-hosts_git_ABPindo/origin.list,2021-01-20 22:05:56.257296
||launchpoker.com^$third-party,AVAILABILITY,origin.list,/home/runner/work/indonesianadblockrules-validate-hosts_git_ABPindo/indonesianadblockrules-validate-hosts_git_ABPindo/origin.list,2021-01-20 22:05:59.566389
||lintastogel.com^$third-party,AVAILABILITY,origin.list,/home/runner/work/indonesianadblockrules-validate-hosts_git_ABPindo/indonesianadblockrules-validate-hosts_git_ABPindo/origin.list,2021-01-20 22:26:34.797317
||lotospoker.com^$third-party,AVAILABILITY,origin.list,/home/runner/work/indonesianadblockrules-validate-hosts_git_ABPindo/indonesianadblockrules-validate-hosts_git_ABPindo/origin.list,2021-01-20 22:26:38.189673
||luckyriverpoker.com^$third-party,AVAILABILITY,origin.list,/home/runner/work/indonesianadblockrules-validate-hosts_git_ABPindo/indonesianadblockrules-validate-hosts_git_ABPindo/origin.list,2021-01-20 22:26:41.573319
||mainjudiinternet.com^$third-party,AVAILABILITY,origin.list,/home/runner/work/indonesianadblockrules-validate-hosts_git_ABPindo/indonesianadblockrules-validate-hosts_git_ABPindo/origin.list,2021-01-20 22:26:44.995504
||mansionpoker.com^$third-party,AVAILABILITY,origin.list,/home/runner/work/indonesianadblockrules-validate-hosts_git_ABPindo/indonesianadblockrules-validate-hosts_git_ABPindo/origin.list,2021-01-20 22:47:26.535287
||markastogel.com^$third-party,AVAILABILITY,origin.list,/home/runner/work/indonesianadblockrules-validate-hosts_git_ABPindo/indonesianadblockrules-validate-hosts_git_ABPindo/origin.list,2021-01-20 22:47:29.942231
||masteragentjudi.com^$third-party,AVAILABILITY,origin.list,/home/runner/work/indonesianadblockrules-validate-hosts_git_ABPindo/indonesianadblockrules-validate-hosts_git_ABPindo/origin.list,2021-01-20 22:47:33.355304
||masteragentpoker.com^$third-party,AVAILABILITY,origin.list,/home/runner/work/indonesianadblockrules-validate-hosts_git_ABPindo/indonesianadblockrules-validate-hosts_git_ABPindo/origin.list,2021-01-20 23:08:06.661582
||masterjudi.blog.com^$third-party,AVAILABILITY,origin.list,/home/runner/work/indonesianadblockrules-validate-hosts_git_ABPindo/indonesianadblockrules-validate-hosts_git_ABPindo/origin.list,2021-01-20 23:08:10.052827
||masterjudi.com^$third-party,AVAILABILITY,origin.list,/home/runner/work/indonesianadblockrules-validate-hosts_git_ABPindo/indonesianadblockrules-validate-hosts_git_ABPindo/origin.list,2021-01-20 23:08:13.393417
||maxbetqq.net^$popup,AVAILABILITY,origin.list,/home/runner/work/indonesianadblockrules-validate-hosts_git_ABPindo/indonesianadblockrules-validate-hosts_git_ABPindo/origin.list,2021-01-20 23:08:16.718270
||mboplay88.com^$popup,AVAILABILITY,origin.list,/home/runner/work/indonesianadblockrules-validate-hosts_git_ABPindo/indonesianadblockrules-validate-hosts_git_ABPindo/origin.list,2021-01-20 23:28:48.067220
||mestresdopoker.com^$third-party,AVAILABILITY,origin.list,/home/runner/work/indonesianadblockrules-validate-hosts_git_ABPindo/indonesianadblockrules-validate-hosts_git_ABPindo/origin.list,2021-01-20 23:28:51.442132
||mickeypoker.com^$third-party,AVAILABILITY,origin.list,/home/runner/work/indonesianadblockrules-validate-hosts_git_ABPindo/indonesianadblockrules-validate-hosts_git_ABPindo/origin.list,2021-01-20 23:28:54.835199
||mintedpoker.com^$third-party,AVAILABILITY,origin.list,/home/runner/work/indonesianadblockrules-validate-hosts_git_ABPindo/indonesianadblockrules-validate-hosts_git_ABPindo/origin.list,2021-01-20 23:28:58.262726
||misterjudi.com^$third-party,AVAILABILITY,origin.list,/home/runner/work/indonesianadblockrules-validate-hosts_git_ABPindo/indonesianadblockrules-validate-hosts_git_ABPindo/origin.list,2021-01-20 23:49:33.917691
||mistertogel.com^$third-party,AVAILABILITY,origin.list,/home/runner/work/indonesianadblockrules-validate-hosts_git_ABPindo/indonesianadblockrules-validate-hosts_git_ABPindo/origin.list,2021-01-20 23:49:37.252064
||mitrapoker.com^$third-party,AVAILABILITY,origin.list,/home/runner/work/indonesianadblockrules-validate-hosts_git_ABPindo/indonesianadblockrules-validate-hosts_git_ABPindo/origin.list,2021-01-20 23:49:40.628366
||mobilepokerclub.com^$third-party,AVAILABILITY,origin.list,/home/runner/work/indonesianadblockrules-validate-hosts_git_ABPindo/indonesianadblockrules-validate-hosts_git_ABPindo/origin.list,2021-01-21 00:10:14.177956
||muchospoker.com^$third-party,AVAILABILITY,origin.list,/home/runner/work/indonesianadblockrules-validate-hosts_git_ABPindo/indonesianadblockrules-validate-hosts_git_ABPindo/origin.list,2021-01-21 00:10:17.542940
||naga-poker.com^$third-party,AVAILABILITY,origin.list,/home/runner/work/indonesianadblockrules-validate-hosts_git_ABPindo/indonesianadblockrules-validate-hosts_git_ABPindo/origin.list,2021-01-21 00:10:20.888253
||nagapoker.biz^$third-party,AVAILABILITY,origin.list,/home/runner/work/indonesianadblockrules-validate-hosts_git_ABPindo/indonesianadblockrules-validate-hosts_git_ABPindo/origin.list,2021-01-21 00:10:24.205298
||nagapoker.com^$third-party,AVAILABILITY,origin.list,/home/runner/work/indonesianadblockrules-validate-hosts_git_ABPindo/indonesianadblockrules-validate-hosts_git_ABPindo/origin.list,2021-01-21 00:31:00.804047
||nagapoker88.com^$third-party,AVAILABILITY,origin.list,/home/runner/work/indonesianadblockrules-validate-hosts_git_ABPindo/indonesianadblockrules-validate-hosts_git_ABPindo/origin.list,2021-01-21 00:31:04.204466
||nagatogel.com^$third-party,AVAILABILITY,origin.list,/home/runner/work/indonesianadblockrules-validate-hosts_git_ABPindo/indonesianadblockrules-validate-hosts_git_ABPindo/origin.list,2021-01-21 00:31:07.602888
||nenenqq.com^$third-party,AVAILABILITY,origin.list,/home/runner/work/indonesianadblockrules-validate-hosts_git_ABPindo/indonesianadblockrules-validate-hosts_git_ABPindo/origin.list,2021-01-21 00:31:10.983975
||neobola.club^$popup,AVAILABILITY,origin.list,/home/runner/work/indonesianadblockrules-validate-hosts_git_ABPindo/indonesianadblockrules-validate-hosts_git_ABPindo/origin.list,2021-01-21 00:51:54.338970
||nztoto.com^$third-party,AVAILABILITY,origin.list,/home/runner/work/indonesianadblockrules-validate-hosts_git_ABPindo/indonesianadblockrules-validate-hosts_git_ABPindo/origin.list,2021-01-21 00:51:57.744585
||online5poker.com^$third-party,AVAILABILITY,origin.list,/home/runner/work/indonesianadblockrules-validate-hosts_git_ABPindo/indonesianadblockrules-validate-hosts_git_ABPindo/origin.list,2021-01-21 00:52:01.188835
||onlineactionpoker.com^$third-party,AVAILABILITY,origin.list,/home/runner/work/indonesianadblockrules-validate-hosts_git_ABPindo/indonesianadblockrules-validate-hosts_git_ABPindo/origin.list,2021-01-21 00:52:04.540961
||onlinepoker66.com^$third-party,AVAILABILITY,origin.list,/home/runner/work/indonesianadblockrules-validate-hosts_git_ABPindo/indonesianadblockrules-validate-hosts_git_ABPindo/origin.list,2021-01-21 01:12:38.412126
||onlinepokerextra.com^$third-party,AVAILABILITY,origin.list,/home/runner/work/indonesianadblockrules-validate-hosts_git_ABPindo/indonesianadblockrules-validate-hosts_git_ABPindo/origin.list,2021-01-21 01:12:41.794500
||onlinetogel.com^$third-party,AVAILABILITY,origin.list,/home/runner/work/indonesianadblockrules-validate-hosts_git_ABPindo/indonesianadblockrules-validate-hosts_git_ABPindo/origin.list,2021-01-21 01:12:45.158058
||opuspoker.cc^$popup,AVAILABILITY,origin.list,/home/runner/work/indonesianadblockrules-validate-hosts_git_ABPindo/indonesianadblockrules-validate-hosts_git_ABPindo/origin.list,2021-01-21 01:12:48.502761
||pacificpoker.com^$third-party,AVAILABILITY,origin.list,/home/runner/work/indonesianadblockrules-validate-hosts_git_ABPindo/indonesianadblockrules-validate-hosts_git_ABPindo/origin.list,2021-01-21 01:33:22.433696
||panduanjudionline.com^$third-party,AVAILABILITY,origin.list,/home/runner/work/indonesianadblockrules-validate-hosts_git_ABPindo/indonesianadblockrules-validate-hosts_git_ABPindo/origin.list,2021-01-21 01:33:25.799614
||pandujudionline.com^$third-party,AVAILABILITY,origin.list,/home/runner/work/indonesianadblockrules-validate-hosts_git_ABPindo/indonesianadblockrules-validate-hosts_git_ABPindo/origin.list,2021-01-21 01:33:29.179207
||pasangjudionline.com^$third-party,AVAILABILITY,origin.list,/home/runner/work/indonesianadblockrules-validate-hosts_git_ABPindo/indonesianadblockrules-validate-hosts_git_ABPindo/origin.list,2021-01-21 01:33:32.557304
||pasangtogelonline.com^$third-party,AVAILABILITY,origin.list,/home/runner/work/indonesianadblockrules-validate-hosts_git_ABPindo/indonesianadblockrules-validate-hosts_git_ABPindo/origin.list,2021-01-21 01:54:00.649948
||perjudianonline.com^$third-party,AVAILABILITY,origin.list,/home/runner/work/indonesianadblockrules-validate-hosts_git_ABPindo/indonesianadblockrules-validate-hosts_git_ABPindo/origin.list,2021-01-21 01:54:03.975919
||planetjudi.com^$third-party,AVAILABILITY,origin.list,/home/runner/work/indonesianadblockrules-validate-hosts_git_ABPindo/indonesianadblockrules-validate-hosts_git_ABPindo/origin.list,2021-01-21 01:54:07.329240
||planettoto.com^$third-party,AVAILABILITY,origin.list,/home/runner/work/indonesianadblockrules-validate-hosts_git_ABPindo/indonesianadblockrules-validate-hosts_git_ABPindo/origin.list,2021-01-21 01:54:10.699748
||playpokeronline.$third-party,AVAILABILITY,origin.list,/home/runner/work/indonesianadblockrules-validate-hosts_git_ABPindo/indonesianadblockrules-validate-hosts_git_ABPindo/origin.list,2021-01-21 02:14:38.079174
||playwinpoker.com^$third-party,AVAILABILITY,origin.list,/home/runner/work/indonesianadblockrules-validate-hosts_git_ABPindo/indonesianadblockrules-validate-hosts_git_ABPindo/origin.list,2021-01-21 02:14:41.405707
||poker24x7.com^$third-party,AVAILABILITY,origin.list,/home/runner/work/indonesianadblockrules-validate-hosts_git_ABPindo/indonesianadblockrules-validate-hosts_git_ABPindo/origin.list,2021-01-21 02:14:44.752662
||poker338a.com^$third-party,AVAILABILITY,origin.list,/home/runner/work/indonesianadblockrules-validate-hosts_git_ABPindo/indonesianadblockrules-validate-hosts_git_ABPindo/origin.list,2021-01-21 02:14:48.167278
||poker4ever.com^$third-party,AVAILABILITY,origin.list,/home/runner/work/indonesianadblockrules-validate-hosts_git_ABPindo/indonesianadblockrules-validate-hosts_git_ABPindo/origin.list,2021-01-21 02:35:19.507805
||pokerace.com^$third-party,AVAILABILITY,origin.list,/home/runner/work/indonesianadblockrules-validate-hosts_git_ABPindo/indonesianadblockrules-validate-hosts_git_ABPindo/origin.list,2021-01-21 02:35:22.850467
||pokerbonuscodes.com^$third-party,AVAILABILITY,origin.list,/home/runner/work/indonesianadblockrules-validate-hosts_git_ABPindo/indonesianadblockrules-validate-hosts_git_ABPindo/origin.list,2021-01-21 02:35:26.176065
||pokercash4free.com^$third-party,AVAILABILITY,origin.list,/home/runner/work/indonesianadblockrules-validate-hosts_git_ABPindo/indonesianadblockrules-validate-hosts_git_ABPindo/origin.list,2021-01-21 02:35:29.500873
